Name,Term,ES,NES,NOM p-val,FDR q-val,FWER p-val,Tag %,Gene %,Lead_genes
gsea,Ribosome,-0.7487631049976007,-3.0157947753434278,0.0,0.0,0.0,90/128,16.36%,RPLP1;RPL38;RPS27;RPS29;RPS27A;RPL27A;RPL35A;RPL17;RPS21;RPS7;RPL21;RPS6;RPS23;RPL24;RPL10;RPL14;RPL9;RPL15;RPL13;RPL37A;RPL4;RPL19;RPS24;RPS15A;RPS8;RPL35;RPL22L1;RPL28;RPS25;RPL6;RPL13A;RPL7A;RPS3A1;RPS12;RPL34;RPL36A;RPLP2;RPS9;RPS3;RPL36;RPL12;RPS10;RPS26;RPL23;RPL18;RPL27;RPS28;RPL30;RPL8;RPL37;RPS15;RPL5;MRPS17;RPL3;RPS18;RPS17;RPL10A;RPS2;RPL39;RPL41;RPL32;RPS13;RPL31;RPL18A;MRPL17;RPS20;RPS19;FAU;RPS16;RPL26;MRPS9;MRPS15;MRPL12;MRPS14;RPL23A;MRPS2;MRPL23;MRPL36;RPS14;RPL36AL;MRPL11;RPS27L;RPS4X;MRPL3;MRPS12;MRPL34;MRPL16;MRPS16;RPL7;RPL11
gsea,Parkinson disease,-0.6663508360430513,-2.8522011674409833,0.0,0.0,0.0,60/117,15.84%,UBB;COX7C;COX8A;SLC25A4;ATP5G3;NDUFA4;COX6C;COX4I1;ATP5B;VDAC2;ATP5H;UQCRC2;ATP5G1;COX6A1;NDUFC2;COX5B;NDUFB3;UCHL1;NDUFA5;NDUFC1;NDUFB6;CYCS;SLC25A5;ATP5A1;UQCRB;GNAL;NDUFA1;UQCRFS1;COX6B1;UQCRQ;ATP5E;ATP5G2;NDUFS5;UQCR10;NDUFB10;NDUFB8;COX5A;ATP5J;GPR37;NDUFS2;NDUFA6;NDUFA7;HTRA2;NDUFA3;NDUFB7;PRKACB;COX7B;UQCR11;COX7A2;NDUFB9;NDUFA2;NDUFS8;COX7A2L;NDUFS6;NDUFA13;NDUFB11;NDUFAB1;NDUFV1;NDUFA12;CASP3
gsea,Oxidative phosphorylation,-0.6851242155598942,-2.799609227362446,0.0,0.0,0.0,68/106,19.63%,COX7C;COX8A;ATP5G3;NDUFA4;ATP6V0C;COX6C;ATP6V1D;COX4I1;ATP5K;ATP5B;ATP6V1G1;ATP5H;UQCRC2;ATP5G1;COX6A1;NDUFC2;COX5B;NDUFB3;NDUFA5;NDUFC1;NDUFB6;ATP5A1;ATP6V0E2;UQCRB;NDUFA1;UQCRFS1;COX6B1;UQCRQ;ATP5E;ATP5G2;NDUFS5;UQCR10;ATP6V1F;NDUFB10;NDUFB8;COX5A;ATP6V0A2;ATP5J;ATP6V1E1;NDUFS2;NDUFA6;NDUFA7;ATP6V1H;NDUFA3;NDUFB7;COX17;ATP6V1A;COX7B;UQCR11;COX7A2;ATP5L;NDUFB9;NDUFA2;NDUFS8;COX7A2L;NDUFS6;NDUFA13;ATP6V0E;NDUFB11;NDUFAB1;NDUFV1;NDUFA12;ATP5J2;ATP5C1;COX6A2;NDUFS7;ATP6V1G2;ATP6AP1
gsea,Alzheimer disease,-0.6311235708231403,-2.7857721632467705,0.0,0.0,0.0,81/151,19.26%,CALM1;COX7C;CALM3;PPP3CA;COX8A;GRIN1;CDK5R1;ATP5G3;PPP3CB;NDUFA4;APOE;COX6C;COX4I1;PPP3R1;ATP5B;GAPDH;ATP5H;UQCRC2;ATP5G1;COX6A1;NDUFC2;RTN3;COX5B;NDUFB3;NDUFA5;NDUFC1;NDUFB6;CYCS;ATP5A1;UQCRB;GNAQ;NDUFA1;UQCRFS1;COX6B1;PLCB1;UQCRQ;ATP5E;ATP5G2;NDUFS5;UQCR10;NDUFB10;NDUFB8;COX5A;ATP5J;CALM2;NDUFS2;NDUFA6;NDUFA7;NDUFA3;NDUFB7;COX7B;UQCR11;APH1C;CDK5;COX7A2;NDUFB9;NDUFA2;NDUFS8;APH1B;COX7A2L;MAPK1;NDUFS6;RTN4;NDUFA13;NDUFB11;MAPK3;ATP2A2;NDUFAB1;NDUFV1;GRIN2C;CAPN2;NDUFA12;CASP3;MME;TNFRSF1A;LPL;ATP5C1;COX6A2;GRIN2B;NAE1;NDUFS7
gsea,Spliceosome,-0.6038012958155927,-2.7130775372415763,0.0,0.0,0.0,57/125,15.77%,SRSF1;HSPA8;DDX5;SNRNP70;HNRNPU;TCERG1;RBM25;PRPF40A;PCBP1;SRSF2;U2SURP;SRSF7;HNRNPK;HNRNPA1;HNRNPA3;TRA2B;DDX42;SRSF10;THOC2;ZMAT2;SRSF5;HNRNPM;CDC40;BCAS2;DHX15;DDX46;EFTUD2;CWC15;TRA2A;PRPF38B;WBP11;ALYREF;SRSF6;SRSF9;PRPF19;SNRPG;SNU13;SF3B5;SLU7;DDX23;SF3B1;SART1;CHERP;LSM8;LSM4;SNRNP200;SMNDC1;LSM7;ACIN1;PUF60;SNRPB2;U2AF1;SNRPE;HSPA2;SNRNP27;SNRPD2;SF3B3
gsea,Thermogenesis,-0.5706432916793797,-2.6819352848746196,0.0,0.0,0.0,92/199,19.26%,COX7C;ACTG1;COX8A;ATP5G3;NDUFA4;RPS6;COX6C;ACTB;COX4I1;ATP5K;ATP5B;ATP5H;UQCRC2;ATP5G1;COX6A1;NDUFC2;COX5B;NDUFB3;NDUFA5;NDUFC1;NDUFB6;ATP5A1;UQCRB;ADCY9;NDUFA1;UQCRFS1;COX6B1;NDUFAF4;UQCRQ;ATP5E;SOS1;ATP5G2;NDUFS5;UQCR10;NDUFB10;NDUFB8;COX5A;NDUFAF7;ACTL6B;SMARCC2;ATP5J;COX19;ADRB3;NDUFS2;RPS6KB1;NDUFA6;NDUFA7;ADCY1;NDUFA3;COA3;NDUFB7;ACSL3;PRDM16;SMARCA2;COX17;PRKACB;DPF3;COX14;COX7B;UQCR11;COX7A2;ATP5L;COA6;NDUFB9;NDUFA2;NDUFS8;RPS6KB2;PRKAG2;ATF2;COX7A2L;GNAS;NDUFS6;COX20;NDUFA13;NDUFB11;NDUFAB1;NDUFV1;ADCY2;ACSL1;NDUFA12;SMARCD2;FGFR1;ATP5J2;SMARCE1;ACSL4;ATP5C1;COX6A2;CREB3L1;ADCY5;MTOR;NDUFAF2;NDUFS7
gsea,Huntington disease,-0.5787890804062642,-2.6683042746830643,0.0,0.0,0.0,96/171,26.64%,COX7C;COX8A;GRIN1;SLC25A4;ATP5G3;NDUFA4;COX6C;COX4I1;ATP5B;AP2M1;VDAC2;ATP5H;UQCRC2;ATP5G1;COX6A1;NDUFC2;COX5B;NDUFB3;NDUFA5;NDUFC1;NDUFB6;CYCS;SLC25A5;ATP5A1;UQCRB;POLR2G;GNAQ;NDUFA1;UQCRFS1;COX6B1;PLCB1;UQCRQ;ATP5E;ATP5G2;NDUFS5;UQCR10;DNAH9;NDUFB10;NDUFB8;DNAL1;COX5A;GPX1;ATP5J;HDAC1;POLR2E;TBP;CLTC;NDUFS2;NDUFA6;NDUFA7;NDUFA3;NDUFB7;COX7B;UQCR11;COX7A2;TBPL1;NDUFB9;NDUFA2;NDUFS8;COX7A2L;NDUFS6;NDUFA13;NDUFB11;NDUFAB1;NDUFV1;POLR2A;NDUFA12;CASP3;CREBBP;HTT;ATP5C1;COX6A2;CLTA;CREB3L1;GRIN2B;NDUFS7;TFAM;POLR2L;PLCB3;SOD1;POLR2D;DCTN4;NDUFB5;POLR2B;PPIF;NDUFB2;CYC1;APAF1;PLCB2;CLTB;NDUFA10;CASP9;HDAC2;SDHC;BBC3;ATP5O
gsea,Cardiac muscle contraction,-0.6218764956782213,-2.5046009214143736,0.0,0.0,0.0,22/65,8.96%,ATP1B1;ATP1A2;COX7C;COX8A;COX6C;COX4I1;UQCRC2;COX6A1;CACNA2D2;TPM1;COX5B;RYR2;UQCRB;UQCRFS1;COX6B1;ATP1B2;UQCRQ;UQCR10;COX5A;COX7B;UQCR11;COX7A2
gsea,Retrograde endocannabinoid signaling,-0.5543891271120333,-2.4530851240807183,0.0,0.0,0.0,72/127,26.27%,GRIA2;NDUFA4;GNG3;GNB2;GRM1;NDUFC2;NDUFB3;NDUFA5;NDUFC1;NDUFB6;GRIA3;ADCY9;GNAQ;NDUFA1;PLCB1;NDUFS5;NDUFB10;NDUFB8;SLC17A7;NDUFS2;NDUFA6;NDUFA7;ADCY1;NDUFA3;NDUFB7;GABRA3;GABRG2;PRKACB;GABRA1;NDUFB9;NDUFA2;SLC32A1;GABRB3;NDUFS8;GNG11;MAPK1;GNG10;GABRA4;GABRB2;GNAO1;NDUFS6;NDUFA13;NDUFB11;MAPK3;NAPEPLD;NDUFAB1;NDUFV1;ADCY2;NDUFA12;MAPK8;GABRA5;GNG7;ADCY5;GNB5;NDUFS7;GABRD;MAPK10;PLCB3;NDUFB5;MAPK9;NDUFB2;GABRA2;DAGLA;PLCB2;CNR1;KCNJ6;CACNA1C;MAPK11;NDUFA10;GNG2;GABRB1;ADCY6
gsea,Non-alcoholic fatty liver disease (NAFLD),-0.5439611434759508,-2.422129881487276,0.0,0.0,0.0,53/126,16.28%,COX7C;COX8A;NDUFA4;COX6C;COX4I1;UQCRC2;COX6A1;NDUFC2;COX5B;NDUFB3;NDUFA5;NDUFC1;NDUFB6;CYCS;UQCRB;NDUFA1;UQCRFS1;COX6B1;UQCRQ;XBP1;NDUFS5;UQCR10;NDUFB10;NDUFB8;JUN;COX5A;NDUFS2;NDUFA6;NDUFA7;NDUFA3;NDUFB7;MLX;COX7B;UQCR11;COX7A2;RAC1;NDUFB9;NDUFA2;AKT1;NDUFS8;PRKAG2;COX7A2L;NFKB1;NDUFS6;NDUFA13;NDUFB11;NDUFAB1;NDUFV1;NDUFA12;CASP3;MAPK8;PPARA;TNFRSF1A
gsea,Protein processing in endoplasmic reticulum,-0.5172778004752635,-2.392973546841272,0.0,0.0,0.0,79/150,26.59%,HSP90AA1;HSPA8;HSP90B1;SEC62;DNAJA1;HSP90AB1;UBQLN2;HSPA4L;PLAA;ERLEC1;MAP2K7;PPP1R15A;MAN1A2;STT3B;SSR3;XBP1;CANX;HSPA5;CRYAB;SEC24A;SEC61B;SVIP;MBTPS2;SEL1L;DNAJC1;DNAJC10;PREB;RPN2;SYVN1;GANAB;EIF2AK4;STT3A;SELENOS;LMAN1;RBX1;AMFR;WFS1;DNAJC3;ATXN3;BAK1;TXNDC5;DNAJC5G;DDOST;UBE2D3;RPN1;CUL1;HSPA2;LMAN2;SEC63;RAD23B;CAPN2;SEC23A;MAPK8;RNF5;MBTPS1;ATF4;UBE2G2;DNAJB11;DERL2;UGGT2;CALR;MAPK10;DNAJC5;PDIA6;RRBP1;BAG1;HSPH1;SSR1;MAN1C1;MAPK9;UBXN6;TUSC3;CKAP4;EIF2S1;DNAJB12;EDEM2;SEC13;UBQLN1;ATF6B
gsea,Gastric acid secretion,-0.5738957503736491,-2.3338634772187414,0.0,0.0,0.0,17/62,7.71%,ATP1B1;ATP1A2;CALM1;CALM3;ACTB;CAMK2B;CAR2;ADCY9;GNAQ;ATP1B2;PLCB1;EZR;CAMK2A;SST;CALM2;ADCY1;PRKACB
gsea,RNA transport,-0.4943152258137969,-2.31711695958849,0.0,0.0,0.0,56/145,22.43%,EEF1A1;PNN;TPR;EIF1;EIF3A;CYFIP1;EIF4G2;EIF5B;EIF5;EIF1B;EIF4A2;EIF4EBP3;UPF2;THOC2;EIF2S2;SUMO2;FMR1;RANBP2;TRNT1;EIF4A1;ALYREF;UPF3A;XPO1;EIF4B;POP5;PHAX;FXR1;GEMIN6;NUP98;NUP88;EIF3C;SRRM1;RAN;ACIN1;EIF2B4;EIF4G1;POP4;RPP14;NUP153;NUP155;EIF1AX;RPP30;RNPS1;GEMIN5;EIF4G3;RPP38;RPP25;NDC1;NUP37;NUP54;UBE2I;PAIP1;RPP25L;SUMO3;SEH1L;SAP18
gsea,Synaptic vesicle cycle,-0.5814639928486823,-2.31173627566465,0.0,0.0,0.0,21/64,9.97%,CPLX2;SLC1A3;ATP6V0C;ATP6V1D;VAMP2;ATP6V1G1;RAB3A;AP2M1;SNAP25;ATP6V0E2;ATP6V1F;NSF;SLC1A2;SLC17A7;ATP6V0A2;ATP6V1E1;CLTC;ATP6V1H;ATP6V1A;STX1B;SLC32A1
gsea,Amphetamine addiction,-0.5880371445922203,-2.2962949403767356,0.0,0.0,0.0,25/61,18.76%,CALM1;CALM3;PPP3CA;GRIA2;GRIN1;PPP3CB;CAMK2B;PPP3R1;GRIA3;JUN;CAMK2A;CALM2;HDAC1;PPP1CA;PRKACB;MAOB;ATF2;GNAS;GRIN2C;PPP1R1B;ATF4;CREB3L1;PPP1CB;ADCY5;GRIN2B
gsea,Oocyte meiosis,-0.5209558065355825,-2.296171974033633,0.0,0.0,0.0,36/99,18.52%,CALM1;CALM3;YWHAH;PPP3CA;PPP3CB;CAMK2B;YWHAZ;YWHAE;PPP3R1;YWHAB;PGR;SLK;ADCY9;PPP2R1A;SMC1A;IGF1R;CAMK2A;ANAPC4;CALM2;CPEB1;PPP1CA;ADCY1;PRKACB;FBXW11;CDC26;AR;MAPK1;RBX1;MAPK3;CUL1;ADCY2;CPEB4;ANAPC1;CPEB3;PPP1CB;ADCY5
gsea,Alcoholism,-0.5111977439210225,-2.2800304604865858,0.0,0.0,0.0,36/95,21.39%,CALM1;CALM3;GRIN1;H3F3B;GNG3;BRAF;GNB2;HDAC8;CAMKK1;SOS1;CALM2;HDAC1;PPP1CA;PKIA;MAOB;GNG11;ATF2;GNAS;MAPK1;GNG10;NTRK2;GNAO1;MAPK3;GRIN2C;PPP1R1B;HDAC3;GNG7;ATF4;CREB3L1;PPP1CB;ADCY5;GRIN2B;GNB5;ADORA2A;SLC29A1;HRAS
gsea,Mineral absorption,-0.6292240528295663,-2.2734682261418033,0.0,0.0,0.0,9/35,4.90%,ATP1B1;ATP1A2;FTH1;MT2;MT1;FTL1;ATP1B2;CLCN2;ATP2B1
gsea,Glucagon signaling pathway,-0.5338424833413561,-2.244152663321771,0.0,0.00010097663967304323,0.001,32/86,18.10%,CALM1;CALM3;PPP3CA;PPP3CB;CAMK2B;PPP3R1;LDHB;PGAM1;PPP4R3B;GNAQ;PHKA1;PLCB1;CAMK2A;CALM2;PRKACB;AKT1;PHKG1;PPP4R3A;PRKAG2;CRTC2;ATF2;PDHB;GNAS;PKM;PHKB;ACACA;ADCY2;PDE3B;PPARA;CREBBP;ATF4;CREB3L1
gsea,Estrogen signaling pathway,-0.49094321936756574,-2.2192589221669974,0.0,9.592780768939107e-05,0.001,33/102,20.39%,HSP90AA1;CALM1;CALM3;HSPA8;HSP90B1;HSP90AB1;GRM1;FKBP5;PGR;ADCY9;GNAQ;PLCB1;SOS1;JUN;CALM2;ADCY1;PRKACB;AKT1;ATF2;GNAS;MAPK1;TGFA;GABBR2;GNAO1;MAPK3;HSPA2;ADCY2;ATF4;CREB3L1;NCOA2;ADCY5;PRKCD;PLCB3
gsea,Proximal tubule bicarbonate reclamation,-0.7074003070289915,-2.1600403436760733,0.0,9.135981684703911e-05,0.001,6/18,3.99%,ATP1B1;ATP1A2;SLC4A4;CAR2;MDH1;ATP1B2
gsea,Long-term potentiation,-0.5634905068026284,-2.145192951053381,0.0,8.720709789944642e-05,0.001,26/62,18.76%,CALM1;CALM3;PPP3CA;GRIA2;GRIN1;PPP3CB;CAMK2B;PPP3R1;BRAF;GRM1;GNAQ;PLCB1;CAMK2A;CALM2;PPP1R1A;PPP1CA;ADCY1;PRKACB;MAPK1;MAPK3;RAP1A;GRIN2C;CREBBP;ATF4;PPP1CB;GRIN2B
gsea,Protein export,-0.6278722862655368,-2.1311594900699307,0.0,8.341548494729658e-05,0.001,15/27,15.33%,SEC62;SRP9;ARXES1;SRP14;HSPA5;SEC61B;IMMP2L;SEC11A;SPCS2;IMMP1L;SRP54A;SPCS3;SPCS1;SEC63;SRP19
gsea,Dopaminergic synapse,-0.48112570758939777,-2.1253125514421534,0.0,0.00015987967948231845,0.002,49/119,25.76%,CALM1;CALM3;PPP3CA;GRIA2;PPP3CB;CAMK2B;GNG3;GNB2;KIF5B;GRIA3;GNAQ;GNAL;PPP2R1A;PLCB1;CLOCK;CAMK2A;CALM2;PPP1CA;COMT;PRKACB;MAOB;AKT1;GNG11;ATF2;GNAS;GNG10;GNAO1;MAPK8;SCN1A;PPP1R1B;GNG7;ATF4;CREB3L1;PPP1CB;ADCY5;GRIN2B;GNB5;MAPK10;PLCB3;PPP2CA;CAMK2G;MAPK9;PLCB2;KCNJ6;CACNA1C;CALY;MAPK11;PPP2R5D;GNG2
gsea,cAMP signaling pathway,-0.4521403050995165,-2.121394533190642,0.0,0.00015348449230302572,0.002,61/175,20.50%,ATP1B1;ATP1A2;CALM1;CALM3;GRIA2;GRIN1;CAMK2B;BRAF;GLI3;RYR2;PDE10A;GRIA3;ADCY9;ROCK2;AFDN;ATP1B2;JUN;CAMK2A;ATP2B1;SST;CALM2;TIAM1;SOX9;PPP1CA;ROCK1;ADCY1;PRKACB;ABCC4;RAC1;PTCH1;AKT1;RRAS2;ATP2B4;SSTR1;GNAS;MAPK1;NFKB1;FXYD1;GABBR2;ADORA1;CHRM1;MAPK3;ATP2A2;RAP1A;GRIN2C;ADCY2;PDE3B;MAPK8;PPARA;PPP1R1B;ACOX1;CREBBP;HTR4;CREB3L1;PPP1CB;ADCY5;GRIN2B;NPPA;MAPK10;ADORA2A;VAV3
gsea,GABAergic synapse,-0.5112465390718056,-2.110058511556852,0.0,0.0001475812425990632,0.002,40/76,26.27%,PLCL1;GNG3;GNB2;GPHN;ADCY9;GABARAP;NSF;GLUL;ADCY1;GABRA3;GABRG2;PRKACB;GAD1;GABARAPL2;GABRA1;SLC32A1;GAD2;GABRB3;GNG11;GNG10;GABBR2;GABRA4;GABRB2;GNAO1;ADCY2;GLS;GABRA5;SLC12A5;GNG7;ADCY5;GNB5;GABRD;SLC38A1;GABRA2;KCNJ6;CACNA1C;GLS2;GNG2;GABRB1;ADCY6
gsea,Collecting duct acid secretion,-0.6620922969465719,-2.1039566078409604,0.0,0.00014211527065094974,0.002,9/20,8.04%,ATP6V0C;ATP6V1D;ATP6V1G1;CAR2;ATP6V0E2;ATP6V1F;ATP6V0A2;ATP6V1E1;ATP6V1A
gsea,Necroptosis,-0.46701255718579404,-2.0997760258336475,0.0,0.000205559587905838,0.003,35/105,24.34%,HSP90AA1;FTH1;PPIA;HSP90AB1;SLC25A4;FAF1;CAMK2B;PPID;VDAC2;SLC25A5;DNM1L;CHMP2A;FTL1;SHARPIN;CAMK2A;BIRC2;GLUL;TLR3;VPS4A;HMGB1;CAPN2;CHMP2B;MAPK8;TNFRSF1A;SQSTM1;VPS4B;PARP2;CHMP3;TRPM7;MAPK10;TYK2;CAMK2G;MAPK9;GLUD1;AIFM1
gsea,Amyotrophic lateral sclerosis (ALS),-0.5362557464731441,-2.0966409895104627,0.0,0.00019847132625391254,0.003,29/49,31.17%,PPP3CA;GRIA2;GRIN1;PPP3CB;PPP3R1;NEFL;NEFM;CYCS;SLC1A2;GPX1;MAP2K6;RAB5A;RAC1;BCL2L1;GRIN2C;CASP3;TNFRSF1A;CAT;GRIN2B;SOD1;APAF1;MAPK11;CASP9;BAD;TOMM40;GRIN2A;NEFH;PPP3R2;TOMM40L
gsea,Cocaine addiction,-0.5398347753537531,-2.0899068339142284,0.0,0.00019185561537878214,0.003,17/45,18.76%,GRIA2;GRIN1;CDK5R1;JUN;PRKACB;MAOB;CDK5;GRM2;ATF2;GNAS;NFKB1;GRIN2C;PPP1R1B;ATF4;CREB3L1;ADCY5;GRIN2B
gsea,Pancreatic secretion,-0.5164724884143843,-2.07062846459745,0.0,0.0004332223573069274,0.007,30/65,27.31%,ATP1B1;ATP1A2;SLC4A4;CAR2;CCK;RYR2;ADCY9;CD38;GNAQ;ATP1B2;PLCB1;ATP2B1;RAB27B;ADCY1;RAC1;ATP2B4;GNAS;ATP2A2;RAP1A;ADCY2;TRPC1;ADCY5;PLCB3;ATP1A1;PLCB2;FXYD2;CHRM3;CPA2;ADCY6;RAB11A
gsea,Fluid shear stress and atherosclerosis,-0.4527490470987578,-2.0699788185552648,0.0,0.000419684158641086,0.007,45/118,25.48%,HSP90AA1;CALM1;ACTG1;CALM3;HSP90B1;HSP90AB1;ACTB;MEF2A;PTK2;SDC4;MGST3;MAP2K7;GSTM1;SUMO2;JUN;GSTP1;CALM2;MAP2K6;RAC1;AKT1;ACVR2A;CTSL;NFKB1;GSTM5;CAV1;GSTM4;MAPK8;TNFRSF1A;SQSTM1;CHUK;GSTO1;CTNNB1;IL1R1;IKBKG;MAPK10;VEGFA;SUMO3;BMPR1B;TXN1;ARHGEF2;MAPK9;PIK3R3;IKBKB;MAPK11;CYBA
gsea,Human immunodeficiency virus 1 infection,-0.43255181613857374,-2.0680514718303575,0.0,0.00040696645686408333,0.007,56/171,20.25%,CALM1;CALM3;PPP3CA;CFL1;PPP3CB;PPP3R1;GNG3;GNB2;PTK2;PAK3;PTK2B;ELOC;CYCS;MAP2K7;ELOB;GNAQ;DCAF1;ATR;IRAK1;JUN;CALM2;RPS6KB1;CFL2;MAP2K6;CUL4B;CUL5;RAC1;FBXW11;AKT1;RPS6KB2;GNG11;MAPK1;NFKB1;GNG10;SAMHD1;RBX1;GNAO1;BCL2L1;LIMK2;BAK1;MAPK3;CUL1;AP1G1;AP1S1;PAK6;CASP3;MAPK8;TNFRSF1A;CHUK;GNG7;MTOR;GNB5;IKBKG;TRIM30D;CALR;MAPK10
gsea,Salivary secretion,-0.5307108153898756,-2.060307454993293,0.0,0.0005078530995320704,0.008,18/60,11.23%,ATP1B1;ATP1A2;CALM1;CALM3;CST3;VAMP2;ADCY9;CD38;GNAQ;ATP1B2;PLCB1;ATP2B1;CALM2;ADRB3;ADCY1;PRKACB;ATP2B4;GNAS
gsea,Regulation of actin cytoskeleton,-0.43840446789231136,-2.0585339905302265,0.0,0.0004933430109740112,0.008,63/180,26.22%,TMSB4X;ACTG1;CFL1;DIAPH2;ACTB;CYFIP1;PFN1;IQGAP2;BRAF;PTK2;PAK3;NCKAP1;BAIAP2;MYL12B;ROCK2;EZR;SOS1;ITGA7;ARHGEF4;TIAM1;VCL;CFL2;PPP1CA;ROCK1;WASF1;ARPC5;ARPC2;RAC1;ARHGEF12;RRAS2;MAPK1;PFN2;ITGB8;PIP5K1B;MYH10;LIMK2;CHRM1;MAPK3;PAK6;ENAH;FGFR1;ITGA9;PDGFRA;ITGA4;SPATA13;PPP1CB;PPP1R12B;VAV3;HRAS;DOCK1;FGFR3;ABI2;PIK3R3;PPP1R12A;IQGAP1;DIAPH1;GNA13;PFN4;ACTN1;ARPC1A;CHRM3;ITGA11;MYH9
gsea,Inflammatory mediator regulation of TRP channels,-0.4788404074995273,-2.0573785528281157,0.0,0.00047963903844695533,0.008,36/85,26.27%,CALM1;CALM3;CAMK2B;PRKCE;CYP2J6;ADCY9;GNAQ;PLCB1;CAMK2A;CALM2;HTR2A;PPP1CA;ADCY1;MAP2K6;PRKACB;IL1RAP;CYP2J9;GNAS;PTGER4;CYP2C66;ADCY2;MAPK8;PPP1CB;IL1R1;ADCY5;CYP2C55;PRKCD;MAPK10;PLCB3;CAMK2G;MAPK9;PIK3R3;PLCB2;MAPK11;HTR2B;ADCY6
gsea,GnRH signaling pathway,-0.4898497029016746,-2.055704137217554,0.0,0.00046667582119163227,0.008,36/80,26.27%,CALM1;CALM3;CAMK2B;PTK2B;MAP2K7;ADCY9;GNAQ;PLCB1;SOS1;JUN;CAMK2A;CALM2;ADCY1;MAP2K6;PRKACB;MAP3K4;GNAS;MAPK1;MMP14;ELK1;MAPK3;ADCY2;MAPK8;ATF4;ADCY5;PRKCD;MAPK10;PLCB3;HRAS;MAP3K2;CAMK2G;MAPK9;PLCB2;CACNA1C;MAPK11;ADCY6
gsea,Ferroptosis,-0.5819095425689734,-2.044364735339804,0.0,0.0006058598380382594,0.011,18/37,22.49%,FTH1;PRNP;PCBP1;VDAC2;GPX4;PCBP2;FTL1;MAP1LC3A;ACSL3;SAT2;SLC39A14;SLC7A11;ACSL1;ACSL4;TRF;ACSL6;NCOA4;TFRC
gsea,Phagosome,-0.4626331459078836,-2.029351242957304,0.0,0.0008362937080613581,0.016,30/105,13.76%,ACTG1;TUBA1A;ATP6V0C;ACTB;ATP6V1D;ATP6V1G1;TUBB2A;TUBA4A;ATP6V0E2;TUBB5;CANX;DYNC2H1;ATP6V1F;ATP6V0A2;ATP6V1E1;CORO1A;SEC61B;ATP6V1H;M6PR;RAB5A;EEA1;ATP6V1A;RAC1;CTSL;TUBB4B;STX7;TUBA1B;THBS4;ATP6V0E;PIK3C3
gsea,Endocrine and other factor-regulated calcium reabsorption,-0.5664877686946576,-2.026234242417773,0.0,0.0009113141730492151,0.018,11/39,7.71%,ATP1B1;ATP1A2;AP2M1;ADCY9;GNAQ;CALB1;ATP1B2;PLCB1;ATP2B1;CLTC;PRKACB
gsea,Renin secretion,-0.500554071732915,-2.022250930280194,0.0,0.0009358810506282055,0.019,22/61,20.61%,CALM1;CALM3;PPP3CA;PPP3CB;PPP3R1;GNAQ;PLCB1;CALM2;ADRB3;PRKACB;AGT;GNAS;PTGER4;ADORA1;PDE3B;PDE1B;CTSB;ADCY5;GUCY1B2;NPPA;PLCB3;GUCY1A2
gsea,Tight junction,-0.4378501753855852,-2.0070011147436215,0.0,0.0010506378937409496,0.022,43/130,23.17%,ACTG1;TUBA1A;ACTB;MYL6;PRKCE;TUBA4A;ACTR2;CLDN10;MYL12B;MAP2K7;ROCK2;AFDN;PPP2R1A;EZR;RAPGEF2;ACTR3B;JUN;AMOTL1;TIAM1;CDK4;PCNA;HSPA4;ROCK1;NEDD4;PRKACB;RAC1;PRKCI;PRKAG2;MPDZ;MYH10;TUBA1B;RAP1A;MAPK8;CCND1;CLDN5;TJP1;MAPK10;MARVELD3;LLGL1;PPP2CA;ACTR3;ARHGEF2;MAPK9
gsea,Ubiquitin mediated proteolysis,-0.4379846126753943,-1.974204105388992,0.0,0.001606233058985153,0.034,35/128,14.94%,UBE3A;KLHL9;ELOC;ELOB;UBE2N;TRIP12;PIAS1;HERC1;BIRC2;ANAPC4;BIRC6;HUWE1;UBE3C;WWP1;UBE2E1;FBXW7;NEDD4;HERC2;PRPF19;SKP2;CUL4B;CUL5;CBLB;CUL3;FBXW11;SYVN1;CDC26;TRIM32;UBE2Q1;SIAH1A;UBE2Q2;RBX1;UBE2D3;CUL1;DET1
gsea,Circadian entrainment,-0.48328357738155303,-1.9708968419117108,0.002028397565922921,0.0015697277621900358,0.034,33/87,20.61%,CALM1;CALM3;GRIA2;GRIN1;CAMK2B;GNG3;GNB2;RYR2;GRIA3;ADCY9;GNAQ;CACNA1H;PLCB1;CAMK2A;CALM2;ADCY1;PRKACB;GNG11;GNAS;MAPK1;GNG10;GNAO1;MAPK3;GRIN2C;ADCY2;GNG7;NOS1AP;ADCY5;GRIN2B;GNB5;GUCY1B2;PLCB3;GUCY1A2
gsea,Insulin secretion,-0.48054083323255053,-1.9591192069147887,0.0,0.0018332869913972516,0.041,17/72,7.71%,ATP1B1;ATP1A2;PCLO;CAMK2B;VAMP2;RAB3A;SNAP25;CCK;RYR2;KCNN3;ADCY9;GNAQ;ATP1B2;PLCB1;CAMK2A;ADCY1;PRKACB
gsea,Aldosterone synthesis and secretion,-0.46912815227387183,-1.95769446965307,0.0,0.0019185561537878213,0.044,21/85,11.23%,ATP1B1;ATP1A2;CALM1;CALM3;CAMK2B;PRKCE;ADCY9;GNAQ;CACNA1H;ATP1B2;PLCB1;CAMK2A;ATP2B1;PRKD1;CALM2;ADCY1;PRKACB;AGT;ATP2B4;ATF2;GNAS
gsea,Bile secretion,-0.49855446996668656,-1.9482996963039736,0.0,0.0020410171848806607,0.048,14/47,15.21%,ATP1B1;ATP1A2;SLC4A4;CAR2;ADCY9;ATP1B2;AQP4;ADCY1;PRKACB;ABCC4;GNAS;NCEH1;SLCO1A4;ADCY2
gsea,Glutamatergic synapse,-0.4637754240615857,-1.9480399014714322,0.0,0.0019984959935289807,0.048,38/103,20.53%,SLC1A3;PPP3CA;GRIA2;GRIN1;PPP3CB;PPP3R1;GNG3;GNB2;GRM1;DLGAP1;GRIA3;ADCY9;GNAQ;PLCB1;SLC1A2;SLC17A7;GLUL;ADCY1;PRKACB;GRM2;GNG11;GNAS;MAPK1;GNG10;GNAO1;GRK2;MAPK3;GRIN2C;ADCY2;GLS;TRPC1;GNG7;HOMER3;ADCY5;GRIN2B;GNB5;PLCB3;SLC38A1
gsea,Tuberculosis,-0.4433871643193965,-1.9445230415051316,0.0,0.001957710361007981,0.048,33/118,16.93%,CALM1;CALM3;PPP3CA;PPP3CB;ATP6V0C;CAMK2B;PPP3R1;CEBPG;CYCS;TGFB3;HSPA9;IRAK1;CAMK2A;ATP6V0A2;CALM2;CORO1A;HSPD1;ATP6V1H;CEBPB;RAB5A;EEA1;ARHGEF12;AKT1;MAPK1;NFKB1;PIK3C3;TGFB2;MAPK3;IRAK2;CASP3;MAPK8;TNFRSF1A;CREBBP
gsea,Ribosome biogenesis in eukaryotes,-0.45867902942811606,-1.9275170180273293,0.0,0.0025708652460756805,0.061,39/74,34.51%,GNL3;NOP10;NOP58;NOP56;MDN1;GNL3L;XPO1;DKC1;XRN2;SNU13;SPATA5;POP5;IMP3;RAN;FBLL1;RIOK1;POP4;CSNK2B;RPP30;EFL1;RPP38;RPP25;NVL;RPP25L;RIOK2;GTPBP4;NOL6;REXO2;REXO1;NHP2;NOB1;BMS1;GAR1;POP7;MPHOSPH10;WDR36;NXT2;EMG1;UTP15
gsea,Apelin signaling pathway,-0.4386014372889105,-1.9259717179534708,0.0,0.0026333123679440685,0.064,37/116,20.39%,CALM1;CALM3;RPS6;MEF2A;PRKCE;GNG3;GNB2;RYR2;ADCY9;GNAQ;GABARAP;PLCB1;CALM2;RPS6KB1;ADCY1;PRKACB;GABARAPL2;SMAD4;AKT1;RPS6KB2;RRAS2;PRKAG2;GNG11;MAPK1;GNG10;SMAD3;PIK3C3;MAPK3;ADCY2;PDE3B;CCND1;GNG7;ADCY5;MTOR;GNB5;TFAM;PLCB3
gsea,Adrenergic signaling in cardiomyocytes,-0.41766820583544634,-1.9255624382704233,0.0,0.0025826717454836058,0.064,47/134,27.22%,ATP1B1;ATP1A2;CALM1;CALM3;CAMK2B;CACNA2D2;TPM1;RYR2;ADCY9;GNAQ;PPP2R1A;ATP1B2;PLCB1;CAMK2A;ATP2B1;CALM2;PPP1R1A;PPP1CA;ADCY1;PRKACB;AGT;AKT1;ATP2B4;ATF2;GNAS;MAPK1;MAPK3;ATP2A2;ADCY2;ATF4;CREB3L1;PPP1CB;ADCY5;PLCB3;PPP2CA;CACNG8;CAMK2G;ATP1A1;PLCB2;CACNA1C;FXYD2;MAPK11;PPP2R5D;CACNB3;ADCY6;ATF6B;AGTR1A
gsea,cGMP-PKG signaling pathway,-0.4221180884663148,-1.9206812457641607,0.0,0.0027149379534733317,0.069,51/143,25.24%,ATP1B1;ATP1A2;CALM1;CALM3;PPP3CA;SLC25A4;PPP3CB;MEF2A;PPP3R1;PRKCE;VDAC2;SLC25A5;ADCY9;ROCK2;GNAQ;ATP1B2;PLCB1;ATP2B1;CALM2;ADRB3;PPP1CA;ROCK1;ADCY1;AKT1;ATP2B4;ATF2;MAPK1;ADORA1;MAPK3;ATP2A2;ADCY2;PDE3B;ADRA2A;ATF4;CREB3L1;PPP1CB;ADCY5;GUCY1B2;EDNRB;NPPA;PLCB3;GUCY1A2;PPIF;PPP1R12A;ATP1A1;PLCB2;TRPC6;CACNA1C;GNA13;NFATC1;FXYD2
gsea,Proteasome,-0.5081975698324365,-1.9133178459402098,0.002079002079002079,0.002877834230681732,0.075,22/43,27.02%,PSMD2;PSMA4;PSMC2;PSMB3;PSMD14;SEM1;PSMC6;PSMC1;PSME2;PSMB11;PSME4;PSMD6;PSMB6;PSMA7;POMP;PSMB2;PSMA2;PSMC5;PSMA1;PSMC3;PSME3;PSMD1
gsea,Oxytocin signaling pathway,-0.4261634699971676,-1.9074032824502218,0.0,0.003069689846060514,0.08,50/139,26.27%,CALM1;ACTG1;CALM3;PPP3CA;PPP3CB;ACTB;CAMK2B;PPP3R1;MYL6;CACNA2D2;RYR2;ADCY9;CD38;ROCK2;GNAQ;PLCB1;JUN;CAMK2A;CALM2;PPP1CA;ROCK1;ADCY1;PRKACB;KCNJ4;PRKAG2;GNAS;MAPK1;GNAO1;ELK1;MAPK3;ADCY2;EEF2;CCND1;PPP1CB;PPP1R12B;ADCY5;GUCY1B2;NPPA;PLCB3;GUCY1A2;HRAS;CACNG8;CAMK2G;PPP1R12A;PLCB2;KCNJ6;CACNA1C;NFATC1;CACNB3;ADCY6
gsea,Human cytomegalovirus infection,-0.393789653007829,-1.9042925888731017,0.0,0.00308339381858757,0.081,73/186,28.64%,CALM1;CALM3;PPP3CA;PPP3CB;PPP3R1;GNG3;GNB2;PTK2;PTK2B;CYCS;ADCY9;ROCK2;GNAQ;PLCB1;SOS1;CALM2;CDK4;RPS6KB1;ROCK1;ADCY1;MAP2K6;PRKACB;RAC1;ARHGEF12;AKT1;RPS6KB2;GNG11;ATF2;GNAS;MAPK1;NFKB1;GNG10;PTGER4;GNAO1;ELK1;RB1;BAK1;MAPK3;ADCY2;CASP3;TNFRSF1A;PDGFRA;CCND1;CHUK;GNG7;ATF4;CREB3L1;CTNNB1;IL1R1;ADCY5;MTOR;GNB5;IKBKG;CALR;PLCB3;VEGFA;HRAS;H2-T23;PIK3R3;PLCB2;IKBKB;GNA13;NFATC1;MAPK11;CASP9;GNG2;ADCY6;ATF6B;GRB2;H2-T22;PIK3CB;E2F3;H2-D1
gsea,Cell cycle,-0.4194815950439087,-1.9034886652542715,0.0,0.003029299190191297,0.081,33/112,17.49%,ORC4;YWHAH;YWHAZ;YWHAE;YWHAB;STAG1;TGFB3;ATR;SMC1A;ANAPC4;ORC6;HDAC1;CDK4;PCNA;SKP2;CCNH;SMAD4;CDC26;GADD45G;CCNA1;MCM6;CDKN1B;SMAD3;RBX1;RB1;TGFB2;CUL1;MCM7;ORC2;CDK7;CCND1;CREBBP;ANAPC1
gsea,Focal adhesion,-0.39871738526345046,-1.8979767404154395,0.0,0.003274776883189557,0.086,62/181,26.20%,ACTG1;ACTB;BRAF;PTK2;PAK3;MYL12B;FLNB;ROCK2;ARHGAP5;SOS1;JUN;ITGA7;IGF1R;BIRC2;VCL;PPP1CA;ROCK1;LAMA2;COL4A2;RAC1;AKT1;VTN;MAPK1;COL2A1;ITGB8;ELK1;COL4A1;THBS4;TLN2;LAMA5;CAV1;LAMA1;MAPK3;RAP1A;PAK6;CAPN2;MAPK8;ITGA9;PDGFRA;RELN;ITGA4;CCND1;CTNNB1;PPP1CB;PPP1R12B;MAPK10;VAV3;VEGFA;HRAS;DOCK1;MAPK9;PIK3R3;COL1A2;PPP1R12A;COL4A5;FLT1;DIAPH1;TNR;ACTN1;HGF;LAMC2;ITGA11
gsea,Thyroid hormone synthesis,-0.4656912165798252,-1.8915375876638292,0.0,0.0034794153975474047,0.092,19/57,18.52%,ATP1B1;ATP1A2;HSP90B1;ADCY9;GNAQ;ATP1B2;PLCB1;CANX;GPX1;HSPA5;ADCY1;PRKACB;ATF2;GNAS;TTF1;ADCY2;ATF4;CREB3L1;ADCY5
gsea,Pancreatic cancer,-0.441627184850352,-1.8793368180271666,0.0,0.004028967922954425,0.108,33/73,28.40%,BRAF;TGFB3;CDK4;RPS6KB1;RAC1;SMAD4;AKT1;RPS6KB2;GADD45G;MAPK1;TGFA;NFKB1;SMAD3;BCL2L1;RB1;BAK1;TGFB2;MAPK3;RALA;MAPK8;CCND1;CHUK;MTOR;IKBKG;MAPK10;VEGFA;MAPK9;PIK3R3;IKBKB;CASP9;BAD;PIK3CB;E2F3
gsea,Kaposi sarcoma-associated herpesvirus infection,-0.40634548986948493,-1.8760125126078107,0.0,0.0041201779696099115,0.111,59/149,28.64%,CALM1;UBB;CALM3;PPP3CA;PPP3CB;PPP3R1;GNG3;GNB2;HIF1A;CYCS;MAP2K7;GABARAP;JUN;CALM2;CDK4;TLR3;MAP2K6;GABARAPL2;RAC1;AKT1;GNG11;MAPK1;NFKB1;GNG10;PIK3C3;RB1;BAK1;MAPK3;CASP3;MAPK8;TNFRSF1A;CCND1;CREBBP;CHUK;GNG7;CTNNB1;MTOR;GNB5;IKBKG;MAPK10;IKBKE;VEGFA;TYK2;HRAS;H2-T23;IL6ST;MAPK9;PIK3R3;IKBKB;NFATC1;MAPK11;CASP9;GNG2;ANGPT2;ATG14;H2-T22;PIK3CB;E2F3;H2-D1
gsea,Antigen processing and presentation,-0.5037683519910277,-1.8704778089312122,0.0,0.004363168027162626,0.12,22/40,34.07%,HSP90AA1;HSPA8;HSP90AB1;CANX;HSPA5;HSPA4;CTSL;PSME2;HSPA2;KIR3DL1;CTSB;CALR;NFYA;H2-T23;PSME3;H2-T22;H2-D1;H2-T24;H2-DMA;PDIA3;RFXANK;LGMN
gsea,Proteoglycans in cancer,-0.39031280697730397,-1.8598966345229055,0.0,0.004567990842351956,0.125,47/174,18.80%,ACTG1;DDX5;RPS6;ACTB;CAMK2B;BRAF;PTK2;SDC4;HIF1A;FLNB;ROCK2;EZR;SOS1;IGF1R;CAMK2A;FZD2;TIAM1;RPS6KB1;PPP1CA;ROCK1;PRKACB;RAC1;PTCH1;ARHGEF12;EIF4B;AKT1;CTSL;RPS6KB2;RRAS2;VTN;WNT7B;MAPK1;NUDT16L1;ELK1;TGFB2;CAV1;MAPK3;CASP3;FGFR1;FZD1;CCND1;CTNNB1;PPP1CB;PPP1R12B;FZD3;WNT4;MTOR
gsea,Thyroid hormone signaling pathway,-0.41584751444003626,-1.8583825945798487,0.0,0.004616525745051945,0.127,46/112,29.62%,ATP1B1;ATP1A2;ACTG1;ACTB;SLCO1C1;HIF1A;MED12L;ATP1B2;PLCB1;KAT2B;HDAC1;PRKACB;MED13;AKT1;NCOR1;MAPK1;THRA;MAPK3;ATP2A2;CCND1;CREBBP;HDAC3;CTNNB1;NCOA2;WNT4;MTOR;MED12;PLCB3;HRAS;PIK3R3;MED30;ATP1A1;PLCB2;FXYD2;PLCE1;CASP9;HDAC2;MED4;PLCD1;MED17;NOTCH2;NCOA1;BAD;PIK3CB;MED24;MED1
gsea,Nucleotide excision repair,-0.4824414910769673,-1.8568689757159917,0.0,0.004634051017610583,0.128,13/43,15.87%,CETN2;PCNA;CUL4B;CCNH;MNAT1;RPA3;RBX1;GTF2H5;GTF2H1;POLD3;RAD23B;CDK7;ERCC3
gsea,Calcium signaling pathway,-0.3955866145786733,-1.8368248606248911,0.0,0.005523116200298274,0.15,41/166,17.69%,CALM1;CALM3;PPP3CA;GRIN1;SLC25A4;PPP3CB;CAMK2B;PPP3R1;GRM1;VDAC2;PTK2B;RYR2;SLC25A5;ADCY9;CD38;GNAQ;CACNA1H;PHKA1;GNAL;PLCB1;CAMK2A;ATP2B1;CALM2;ADRB3;HTR2A;ADCY1;CACNA1E;PRKACB;PHKG1;ATP2B4;GNAS;PHKB;CHRM1;ATP2A2;GRIN2C;ADCY2;TACR1;PDGFRA;PDE1B;ORAI2;HTR4
gsea,Mitophagy,-0.4510410616174407,-1.8360567853192793,0.003952569169960474,0.005555222296042348,0.152,27/62,26.45%,UBB;HIF1A;TOMM7;GABARAP;JUN;USP8;AMBRA1;MITF;GABARAPL2;BNIP3;RRAS2;RHOT1;BCL2L1;CSNK2B;MAPK8;SQSTM1;ATG9A;ATF4;BNIP3L;FUNDC1;MAPK10;HRAS;USP15;MAPK9;MFN1;TAX1BP1;CITED2
gsea,Hepatocellular carcinoma,-0.3938411730066457,-1.8246330395970067,0.0,0.006319949683065765,0.168,47/150,18.80%,ACTG1;ACTB;BRAF;MGST3;TGFB3;GSTM1;SOS1;IGF1R;GSTP1;ACTL6B;SMARCC2;FZD2;DVL1;PBRM1;CDK4;RPS6KB1;SMARCA2;DPF3;BRD7;SMAD4;AKT1;RPS6KB2;GADD45G;WNT7B;MAPK1;TGFA;SMAD3;GSTM5;BCL2L1;ELK1;RB1;BAK1;TGFB2;MAPK3;CSNK1A1;LRP6;GSTM4;SMARCD2;FZD1;CCND1;SMARCE1;ARID2;GSTO1;CTNNB1;FZD3;WNT4;MTOR
gsea,Salmonella infection,-0.4565478849054207,-1.824475175166194,0.0,0.006256161371047244,0.169,26/62,25.63%,ACTG1;ACTB;PFN1;PKN2;FLNB;ROCK2;DYNC2H1;JUN;ROCK1;WASF1;ARPC5;ARPC2;RAC1;PLEKHM2;MAPK1;NFKB1;PFN2;MAPK3;MAPK8;TJP1;MAPK10;MAPK9;DYNC1I2;PFN4;MAPK11;ARPC1A
gsea,Relaxin signaling pathway,-0.40061934384766584,-1.8214613968830242,0.0,0.006413459142662145,0.175,44/113,28.31%,GNG3;GNB2;MAP2K7;ADCY9;PLCB1;SOS1;JUN;ADCY1;PRKACB;COL4A2;AKT1;GNG11;ATF2;GNAS;MAPK1;NFKB1;GNG10;SMAD3;GNAO1;COL4A1;MAPK3;ADCY2;MAPK8;GNG7;ATF4;CREB3L1;ADCY5;GNB5;EDNRB;MAPK10;PLCB3;VEGFA;HRAS;MAPK9;PIK3R3;COL1A2;COL4A5;PLCB2;MAPK11;GNG2;ADCY6;ATF6B;GRB2;PIK3CB
gsea,Herpes simplex virus 1 infection,-0.3434007060154917,-1.821098911721024,0.0,0.006323128732202116,0.175,135/330,33.09%,SRSF1;SRSF2;SRSF7;ZFP944;CYCS;SRSF5;IRAK1;ZFP867;ZFP566;ZFP729B;BIRC2;ZFP641;ZFP950;2610008E11RIK;ZFP40;TLR3;ZFP354A;PPP1CA;ALYREF;SRSF6;SRSF9;GM14326;ZFP84;ZFP707;ZFP958;AKT1;ZFP975;ZFP605;EIF2AK4;ZFP457;ZFP712;NFKB1;ZFP940;ZFP27;ZFP760;GM6710;BCL2L1;ZFP114;EIF2B4;BAK1;ZFP1;ZFP57;ZFP85;ZFP112;ZIK1;HCFC2;ZFP458;CASP3;ZFP157;ZFP551;TNFRSF1A;ZFP626;CHUK;GM14308;ZFP65;ZFP37;PPP1CB;ZFP746;ZFP946;ZFP14;MTOR;ZFP282;IKBKG;CALR;ZFP472;ZFP46;ZFP97;ZFP74;IKBKE;TYK2;ZFP951;ZFP182;ZFP398;ZFP235;ZFP81;ZFP825;ZFP786;ZFP599;ZFP991;H2-T23;ZFP780B;PIK3R3;ZFP9;ZFP930;ZFP53;APAF1;ZFP275;SRSF4;ZFP709;ZFP33B;ZFP708;IKBKB;ZFP354C;EIF2S1;ZFP617;ZFP763;ZFP952;CASP9;SRSF3;ZFP169;ZFP870;ZFP595;EIF2B1;ZFP119A;ZFP560;TAB2;ZFP597;ZFP791;ZFP748;ZFP956;ZFP719;H2-T22;ZFP92;BAD;PIK3CB;H2-D1;ZFP959;ZFP799;H2-T24;ZFP994;H2-DMA;IRAK4;ZFP442;ZFP52;ZFP938;ZFP960;ZFP12;ZFP141;TRAF6;FADD;HCFC1;ZFP160;ZIM1;ZFP94;ZFP949
gsea,Vasopressin-regulated water reabsorption,-0.5028919139761433,-1.8205178112908547,0.0020491803278688526,0.006235307499810419,0.175,19/38,30.48%,DYNLL1;VAMP2;DYNLL2;ADCY9;DYNC2H1;AQP4;NSF;RAB5A;PRKACB;GNAS;DCTN5;DCTN6;CREB3L1;DCTN4;DYNC1I2;ADCY6;RAB11A;DCTN1;ARHGDIA
gsea,Hepatitis C,-0.39594988692312094,-1.8198916644715073,0.0,0.006149892328580139,0.175,43/115,28.40%,YWHAH;YWHAZ;YWHAE;BRAF;YWHAB;CD81;CLDN10;CYCS;PIAS1;PPP2R1A;SOS1;CDK4;TLR3;AKT1;EIF2AK4;MAPK1;NFKB1;RB1;BAK1;MAPK3;CASP3;PPARA;TNFRSF1A;CCND1;CHUK;CLDN5;CTNNB1;IKBKG;IKBKE;TYK2;HRAS;YWHAG;PPP2CA;PIK3R3;APAF1;IKBKB;EIF2S1;CASP9;PSME3;GRB2;BAD;PIK3CB;E2F3
gsea,Human T-cell leukemia virus 1 infection,-0.37427983705936996,-1.816735184593886,0.0,0.006300123586087035,0.177,53/178,21.48%,PPP3CA;SLC25A4;PPP3CB;PPP3R1;VDAC2;SLC25A5;TGFB3;ADCY9;RANBP1;ATR;CANX;JUN;ANAPC4;KAT2B;TBP;CDK4;ADCY1;PRKACB;XPO1;TBPL1;SMAD4;AKT1;CDC26;CRTC2;ATF2;MAPK1;CCNA1;NFKB1;SMAD3;RAN;BCL2L1;ELK1;TLN2;RB1;TGFB2;MAPK3;ADCY2;MAPK8;TNFRSF1A;CCND1;CREBBP;CHUK;ANAPC1;ATF4;CREB3L1;IL1R1;ADCY5;IKBKG;CALR;MAPK10;CCNA2;HRAS;CRTC3
gsea,Glycosylphosphatidylinositol (GPI)-anchor biosynthesis,-0.5349616860395792,-1.8117996683341928,0.004201680672268907,0.006574252420312934,0.185,13/25,27.33%,PIGC;PIGW;PIGG;PIGB;PIGN;PIGL;PIGP;PIGK;PIGH;PIGS;PIGF;PIGO;DPM2
gsea,Colorectal cancer,-0.4169422907269393,-1.7962464053815095,0.0,0.007522759655641721,0.201,37/82,28.85%,BRAF;CYCS;TGFB3;SOS1;JUN;RPS6KB1;RAC1;SMAD4;AKT1;APPL1;RPS6KB2;GADD45G;MAPK1;TGFA;SMAD3;BAK1;TGFB2;MAPK3;RALA;CASP3;MAPK8;CCND1;CTNNB1;MTOR;MAPK10;MSH2;HRAS;MAPK9;PIK3R3;TCF7L2;CASP9;BBC3;GRB2;TCF7;BAD;PIK3CB;AXIN2
gsea,Melanogenesis,-0.4156586959413238,-1.7681719048487334,0.0,0.009493115514196881,0.244,30/85,21.39%,CALM1;CALM3;CAMK2B;ADCY9;GNAQ;PLCB1;CAMK2A;FZD2;DVL1;CALM2;ADCY1;PRKACB;MITF;GNAS;WNT7B;MAPK1;GNAO1;TYR;MAPK3;ADCY2;FZD1;CREBBP;CREB3L1;CTNNB1;FZD3;ADCY5;WNT4;EDNRB;PLCB3;HRAS
gsea,Rheumatoid arthritis,-0.44535377468371395,-1.7625227926492189,0.004640371229698376,0.00976495888530468,0.253,14/48,13.97%,ATP6V0C;ATP6V1D;ATP6V1G1;TGFB3;ATP6V0E2;ATP6V1F;JUN;ATP6V0A2;ATP6V1E1;ATP6V1H;ATP6V1A;CTSL;ATP6V0E;TGFB2
gsea,Nicotine addiction,-0.5215103244761641,-1.7599762298241712,0.007677543186180422,0.009835635978279338,0.258,15/33,19.47%,GRIA2;GRIN1;GRIA3;SLC17A7;GABRA3;GABRG2;GABRA1;SLC32A1;GABRB3;GABRA4;GABRB2;GRIN2C;GABRA5;GRIN2B;GABRD
gsea,Viral carcinogenesis,-0.3745964834760314,-1.757716906199118,0.0,0.009856582240084932,0.264,56/152,29.27%,UBE3A;YWHAH;YWHAZ;YWHAE;HNRNPK;YWHAB;HDAC8;RANBP1;JUN;KAT2B;HDAC1;TBP;CDK4;SKP2;PRKACB;TBPL1;RAC1;ATF2;MAPK1;PSMC1;CCNA1;NFKB1;CDKN1B;PKM;RB1;BAK1;MAPK3;GTF2H1;MRPS18B;CASP3;CCND1;CREBBP;HDAC3;CHD4;ATF4;CREB3L1;RASA2;IKBKG;CCNA2;HRAS;YWHAG;H2-T23;IL6ST;GTF2A1;PIK3R3;RBL2;ACTN1;HDAC2;ATF6B;GRB2;H2-T22;BAD;PIK3CB;H2-D1;SNW1;H2-T24
gsea,mRNA surveillance pathway,-0.4198541119762274,-1.7572530518126448,0.004016064257028112,0.009734896039590057,0.264,27/82,23.19%,PABPN1;PNN;PCF11;PAPOLA;UPF2;PPP2R1A;CPSF6;GSPT2;PPP1CA;ALYREF;PAPOLG;UPF3A;MSI2;RNMT;MSI1;FIP1L1;CSTF2T;SRRM1;ACIN1;CSTF2;RNPS1;PPP1CB;CSTF3;PPP2CA;SAP18;RNGTT;PELO
gsea,Endocytosis,-0.36504847036789617,-1.753216280150707,0.0,0.009943736162924684,0.269,92/223,33.01%,UBB;ARF5;HSPA8;WIPF3;AP2M1;CAPZA2;KIF5B;VPS35;CHMP2A;SMAP1;SH3GL1;AGAP1;IGF1R;ARF1;WWP1;VPS29;CLTC;USP8;CAPZB;STAM;RAB11FIP2;NEDD4;ARPC5;WASHC2;VPS36;ARPC2;RAB5A;EEA1;VPS28;CBLB;VPS4A;VTA1;ARFGEF1;PRKCI;ACAP2;SNX12;ZFYVE9;PIP5K1B;SMAD3;SH3KBP1;GRK2;CAV1;TSG101;HSPA2;EPN2;WASHC4;STAM2;GBF1;CHMP2B;ARF3;PDGFRA;CLTA;PIP5KL1;VPS4B;RBSN;CHMP3;STAMBP;IQSEC3;SH3GLB1;EPS15;HRAS;TFRC;FGFR3;H2-T23;EHD3;ARFGEF2;PARD6A;CLTB;SNX4;CHMP5;ARPC1A;GRK6;VPS37D;GRK3;RAB11A;WASL;H2-T22;RABEP1;H2-D1;H2-T24;VPS26A;ARPC4;ARF6;AP2S1;SPG20;WASHC1;PSD2;VPS45;AMPH;TRAF6;SNX3;SNF8
gsea,RNA degradation,-0.421822208844614,-1.7501185742740164,0.0,0.010193774262896738,0.276,27/72,20.79%,ZCCHC7;DHX36;CNOT4;HSPA9;HSPD1;EXOSC9;XRN2;EDC4;PNPT1;LSM8;LSM4;DIS3;LSM7;MTREX;DCP2;TOB1;CNOT6L;CNOT1;CNOT2;ENO2;ENO1;PFKM;CNOT7;LSM2;DCP1A;C1D;PATL1
gsea,Vascular smooth muscle contraction,-0.39908895482858564,-1.7491170507796456,0.0021645021645021645,0.010186619578444859,0.28,31/100,20.61%,CALM1;CALM3;MYL6;PRKCE;BRAF;CALCRL;ADCY9;ROCK2;GNAQ;PLCB1;CALM2;PPP1CA;ROCK1;ADCY1;PRKACB;AGT;ARHGEF12;GNAS;MAPK1;MAPK3;ADCY2;RAMP2;PPP1CB;PPP1R12B;ADCY5;GUCY1B2;NPPA;PRKCD;ADORA2A;PLCB3;GUCY1A2
gsea,IL-17 signaling pathway,-0.4330131675663306,-1.7475175606577495,0.0045662100456621,0.010224775737245683,0.281,22/56,26.01%,HSP90AA1;SRSF1;HSP90B1;HSP90AB1;JUND;JUN;CEBPB;MAPK1;NFKB1;MAPK3;TAB3;CASP3;MAPK8;CHUK;IKBKG;MAPK10;IKBKE;MAPK4;MAPK9;IKBKB;MAPK11;USP25
gsea,AGE-RAGE signaling pathway in diabetic complications,-0.39650521329962946,-1.7459240897092656,0.002242152466367713,0.010262044543516254,0.282,38/90,27.22%,PRKCE;TGFB3;PLCB1;JUN;F3;CDK4;COL4A2;AGT;RAC1;SMAD4;AKT1;MAPK1;NFKB1;CDKN1B;SMAD3;COL4A1;TGFB2;MAPK3;CASP3;MAPK8;CCND1;PRKCD;MAPK10;PLCB3;PIM1;VEGFA;HRAS;MAPK9;PIK3R3;COL1A2;COL4A5;PLCB2;DIAPH1;NFATC1;MAPK11;PLCE1;PLCD1;AGTR1A
gsea,Choline metabolism in cancer,-0.40389783010972846,-1.7443106168270077,0.0038684719535783366,0.01034256133478722,0.284,34/94,28.31%,DGKH;PLPP3;DGKI;HIF1A;CHKA;CHPT1;SOS1;JUN;RPS6KB1;WASF1;RAC1;AKT1;SLC22A4;RPS6KB2;MAPK1;PIP5K1B;GPCPD1;MAPK3;SLC22A5;MAPK8;PDGFRA;MTOR;DGKE;MAPK10;HRAS;DGKB;MAPK9;PIK3R3;PCYT1B;WASF3;CHKB;GRB2;WASL;PIK3CB
gsea,Th17 cell differentiation,-0.41761632176638064,-1.7425961775266845,0.0064516129032258064,0.010508455296883294,0.286,25/72,25.39%,HSP90AA1;PPP3CA;HSP90AB1;PPP3CB;PPP3R1;HIF1A;JUN;IL1RAP;SMAD4;MAPK1;NFKB1;SMAD3;MAPK3;MAPK8;CHUK;IL1R1;MTOR;IKBKG;MAPK10;TYK2;IL6ST;MAPK9;IKBKB;NFATC1;MAPK11
gsea,Human papillomavirus infection,-0.3379746361678891,-1.7420818111920207,0.0,0.010411939576174357,0.286,104/285,28.85%,UBE3A;ATP6V0C;ATP6V1D;MAML2;ATP6V1G1;PTK2;ATP6V0E2;ATR;PPP2R1A;SOS1;ATP6V1F;ITGA7;ATP6V0A2;FZD2;DVL1;ATP6V1E1;HDAC1;TBP;CDK4;RPS6KB1;TLR3;HES1;ATP6V1H;LAMA2;PRKACB;COL4A2;ATP6V1A;HEY1;TBPL1;AKT1;PRKCI;RPS6KB2;VTN;GNAS;WNT7B;MAPK1;PSMC1;CCNA1;NFKB1;COL2A1;ITGB8;CDKN1B;PTGER4;PKM;COL4A1;THBS4;ATP6V0E;LAMA5;RB1;BAK1;LAMA1;MAPK3;CSNK1A1;CASP3;TNFRSF1A;FZD1;ITGA9;MAML3;RELN;ITGA4;CCND1;CREBBP;CHUK;CHD4;HEY2;CREB3L1;CTNNB1;FZD3;WNT4;MTOR;IKBKG;ATP6V1G2;ATP6AP1;IKBKE;CCNA2;VEGFA;TYK2;HRAS;LLGL1;PPP2CA;H2-T23;HES5;PIK3R3;COL1A2;RBL2;PARD6A;COL4A5;IKBKB;TNR;TCF7L2;PPP2R5D;HDAC2;ATP6V1C2;LAMC2;ITGA11;ATP6V1B2;NOTCH2;GRB2;TCF7;H2-T22;BAD;PIK3CB;H2-D1;AXIN2
gsea,Wnt signaling pathway,-0.3743132626938853,-1.7339808144454965,0.0,0.01134079859794579,0.306,53/131,29.41%,PPP3CA;PPP3CB;CAMK2B;PPP3R1;ROR1;ROCK2;PLCB1;JUN;CAMK2A;FZD2;DVL1;CACYBP;ZNRF3;PRKACB;CTBP2;RAC1;FBXW11;SMAD4;CTBP1;WNT7B;SIAH1A;SMAD3;RYK;RBX1;CUL1;CSNK2B;CSNK1A1;LRP6;MAPK8;FZD1;CCND1;CREBBP;RUVBL1;CTNNB1;FZD3;WNT4;MAPK10;FRAT1;PLCB3;SFRP2;CAMK2G;MAPK9;PLCB2;TBL1XR1;NFATC1;TCF7L2;RSPO2;TCF7;AXIN2;DAAM1;BAMBI;BTRC;CSNK1E
gsea,Renal cell carcinoma,-0.42413056726436743,-1.7331134920333386,0.001953125,0.01127942354149983,0.307,28/67,29.14%,BRAF;HIF1A;PAK3;ELOC;TGFB3;ELOB;SOS1;JUN;RAC1;AKT1;MAPK1;TGFA;RBX1;TGFB2;MAPK3;RAP1A;PAK6;CREBBP;FH1;VEGFA;HRAS;PIK3R3;HGF;GRB2;BAD;PIK3CB;EPAS1;GAB1
gsea,Adherens junction,-0.4332146161190151,-1.7232448391080735,0.010245901639344262,0.012199514673542125,0.33,23/67,19.71%,ACTG1;ACTB;PTPRM;BAIAP2;AFDN;IGF1R;VCL;WASF1;LMO7;RAC1;SNAI2;SMAD4;SSX2IP;PTPRJ;MAPK1;SMAD3;ACP1;MAPK3;CSNK2B;FGFR1;CREBBP;CTNNB1;TJP1
gsea,Cellular senescence,-0.36984086462438137,-1.7167656654395576,0.0,0.012707855814336536,0.341,30/146,14.10%,CALM1;CALM3;PPP3CA;SLC25A4;PPP3CB;PPID;PPP3R1;VDAC2;SLC25A5;TGFB3;ATR;ZFP36L1;CALM2;CDK4;PPP1CA;MAP2K6;FBXW11;AKT1;RRAS2;GADD45G;MAPK1;LIN52;CCNA1;NFKB1;SMAD3;ZFP36L2;LIN54;RB1;TGFB2;MAPK3
gsea,C-type lectin receptor signaling pathway,-0.40147095184878706,-1.712864314711668,0.0,0.012940048952143391,0.349,26/83,25.39%,CALM1;CALM3;PPP3CA;PPP3CB;PPP3R1;JUN;CALM2;CBLB;ARHGEF12;AKT1;RRAS2;MAPK1;NFKB1;MAPK3;MAPK8;CHUK;IKBKG;PRKCD;MAPK10;IKBKE;HRAS;MAPK9;PIK3R3;IKBKB;NFATC1;MAPK11
gsea,Pathways in cancer,-0.32299181413881156,-1.7120422731438605,0.0,0.0128442285664111,0.35,149/438,28.57%,HSP90AA1;CALM1;CALM3;HSP90B1;HSP90AB1;TPR;CAMK2B;GNG3;BRAF;GNB2;PTK2;GLI3;HIF1A;ELOC;CYCS;MGST3;TGFB3;ADCY9;ELOB;ROCK2;GNAQ;GSTM1;PLCB1;SOS1;JUN;IGF1R;GSTP1;CAMK2A;BIRC2;TFG;FZD2;DVL1;CALM2;HDAC1;CDK4;RPS6KB1;HES1;ROCK1;ADCY1;LAMA2;SKP2;PRKACB;COL4A2;HEY1;MITF;CTBP2;AGT;RAC1;PTCH1;ARHGEF12;SMAD4;AKT1;CTBP1;AR;APPL1;RASGRP1;RPS6KB2;DAPK1;GNG11;GADD45G;GNAS;WNT7B;MAPK1;TGFA;NFKB1;GNG10;CDKN1B;PTGER4;SMAD3;GSTM5;RBX1;GLI2;BCL2L1;ELK1;COL4A1;LAMA5;RB1;BAK1;TGFB2;LAMA1;MAPK3;CUL1;RALA;ADCY2;LRP6;PLEKHG5;CASP3;GSTM4;MAPK8;FGFR1;FZD1;PDGFRA;CCND1;CREBBP;CHUK;GSTO1;GNG7;HEY2;CTNNB1;FZD3;ADCY5;WNT4;MTOR;GNB5;FH1;IKBKG;EDNRB;IL5RA;MAPK10;FRAT1;PLCB3;PIM1;JAG2;VEGFA;MSH2;HRAS;MECOM;CSF2RA;NCOA4;FGFR3;CAMK2G;IL6ST;MAPK9;HES5;PIK3R3;APAF1;COL4A5;PLCB2;IKBKB;GNA13;TCF7L2;CASP9;GNG2;HDAC2;HGF;LAMC2;ADCY6;BBC3;EPO;AGTR1A;NOTCH2;GRB2;TCF7;NCOA1;BAD;HMOX1;PIK3CB;E2F3;EPAS1
gsea,Basal transcription factors,-0.45507768120609804,-1.7097427494942106,0.0020408163265306124,0.013030193877808955,0.354,23/41,34.89%,TBP;TAF11;CCNH;MNAT1;TBPL1;GTF2F1;GTF2H5;GTF2H1;CDK7;ERCC3;TAF1;TAF10;TAF5;GTF2A1;TAF7L;TAF15;GTF2A2;TAF2;GTF2B;TAF3;GTF2E1;TAF7;GTF2F2
gsea,Gap junction,-0.4060312910835432,-1.7044497295474499,0.001984126984126984,0.013706798088401652,0.366,27/79,22.32%,TUBA1A;GJA1;TUBB2A;TUBA4A;GRM1;ADCY9;TUBB5;GNAQ;PLCB1;SOS1;HTR2A;ADCY1;PRKACB;GNAS;TUBB4B;MAPK1;TUBA1B;MAPK3;ADCY2;PDGFRA;ADCY5;GUCY1B2;TJP1;PLCB3;GUCY1A2;HRAS;MAP3K2
gsea,Prostate cancer,-0.3893998541855606,-1.693735352229075,0.004140786749482402,0.014839444536440496,0.392,35/88,28.40%,HSP90AA1;HSP90B1;HSP90AB1;BRAF;SOS1;IGF1R;GSTP1;AKT1;AR;MAPK1;TGFA;NFKB1;CDKN1B;RB1;MAPK3;FGFR1;PDGFRA;CCND1;CREBBP;CHUK;ATF4;CREB3L1;CTNNB1;MTOR;IKBKG;HRAS;PIK3R3;IKBKB;TCF7L2;CASP9;GRB2;TCF7;BAD;PIK3CB;E2F3
gsea,PPAR signaling pathway,-0.4305971667479099,-1.6923331833441568,0.0022271714922048997,0.01501900019379355,0.404,20/55,23.03%,SCD2;FABP7;PLIN4;ACSL3;SLC27A1;UBC;SCD1;FABP3;ACSBG1;ACSL1;PPARA;ACOX1;FABP5;LPL;ACSL4;PLTP;DBI;ACSL6;PCK2;PLIN2
gsea,Dilated cardiomyopathy (DCM),-0.3955110032023068,-1.6904761825333303,0.0021929824561403508,0.015156593614923788,0.406,20/80,16.89%,ACTG1;ACTB;CACNA2D2;TPM1;RYR2;TGFB3;ADCY9;ITGA7;ADCY1;LAMA2;PRKACB;AGT;GNAS;ITGB8;SGCB;TGFB2;ATP2A2;ADCY2;ITGA9;ITGA4
gsea,Glioma,-0.4058911330641094,-1.6893211163428707,0.0076481835564053535,0.015158493175472094,0.41,18/72,16.90%,CALM1;CALM3;CAMK2B;BRAF;SOS1;IGF1R;CAMK2A;CALM2;CDK4;AKT1;GADD45G;MAPK1;TGFA;RB1;BAK1;MAPK3;PDGFRA;CCND1
gsea,Neurotrophin signaling pathway,-0.37892579388435965,-1.687279281293563,0.0,0.015310830482189085,0.418,25/113,16.03%,CALM1;CALM3;CAMK2B;YWHAE;MAGED1;BRAF;MAP2K7;SOS1;BEX3;IRAK1;JUN;CAMK2A;CALM2;RAC1;AKT1;NTRK3;PRDM4;MAPK1;NFKB1;NTRK2;MAPK3;IRAK2;RAP1A;ZFP369;MAPK8
gsea,Aminoacyl-tRNA biosynthesis,-0.44613525989604685,-1.6842924340583822,0.00404040404040404,0.015497463300499684,0.425,16/42,22.54%,NARS;YARS2;GARS;MARS2;LARS2;RARS;AARS;HARS2;EPRS;FARS2;LARS;HARS;RARS2;QARS;DARS2;SARS
gsea,Hepatitis B,-0.3688592421853106,-1.683371650705901,0.0,0.015440687506926985,0.427,50/138,28.40%,YWHAZ;BRAF;YWHAB;PTK2B;CYCS;TGFB3;MAP2K7;SOS1;IRAK1;JUN;PCNA;TLR3;MAP2K6;SMAD4;AKT1;ATF2;MAPK1;CCNA1;NFKB1;SMAD3;ELK1;RB1;TGFB2;MAPK3;CASP3;MAPK8;CREBBP;CHUK;ATF4;CREB3L1;IKBKG;ATP6AP1;MAPK10;IKBKE;CCNA2;TYK2;HRAS;MAPK9;PIK3R3;APAF1;IKBKB;NFATC1;MAPK11;CASP9;ATF6B;TAB2;GRB2;BAD;PIK3CB;E2F3
gsea,Serotonergic synapse,-0.3806144981779959,-1.6798177470012647,0.008620689655172414,0.01595142402149303,0.439,48/98,35.59%,GNG3;BRAF;GNB2;CYP2J6;GNAQ;PLCB1;HTR2A;PRKACB;MAOB;CYP2J9;GABRB3;GNG11;GNAS;MAPK1;GNG10;GABRB2;GNAO1;MAPK3;CYP2C66;CASP3;TRPC1;CYP2D22;HTR4;GNG7;ADCY5;GNB5;CYP2C55;PLCB3;HRAS;PLCB2;KCNJ6;CACNA1C;HTR2B;GNG2;GABRB1;KCND2;CACNA1D;CYP2J12;HTR1A;ALOX8;PTGS1;GNB1;HTR1F;ITPR1;ITPR2;APP;HTR1B;KCNJ3
gsea,Rap1 signaling pathway,-0.3536590852357996,-1.677331709701088,0.0021691973969631237,0.016072432684562123,0.443,59/177,26.75%,CALM1;ACTG1;CALM3;GRIN1;KRIT1;ACTB;PFN1;BRAF;ADCY9;GNAQ;AFDN;PLCB1;RAPGEF2;IGF1R;SIPA1L3;PRKD1;CALM2;TIAM1;ADCY1;MAP2K6;RAC1;AKT1;PRKCI;GNAS;MAPK1;PFN2;RGS14;GNAO1;TLN2;MAPK3;SIPA1L1;RALA;RAP1A;ADCY2;FGFR1;PDGFRA;DOCK4;SIPA1L2;CTNNB1;ADCY5;GRIN2B;ADORA2A;PLCB3;VEGFA;HRAS;FGFR3;EFNA3;PIK3R3;PARD6A;FLT1;PLCB2;CNR1;CSF1;PFN4;MAPK11;PLCE1;HGF;ADCY6;ANGPT2
gsea,HIF-1 signaling pathway,-0.3889828284501381,-1.6663275585086823,0.004123711340206186,0.017625614010966618,0.472,34/92,28.31%,ALDOA;RPS6;CAMK2B;GAPDH;HIF1A;ELOC;ELOB;IGF1R;CAMK2A;RPS6KB1;AKT1;RPS6KB2;PDHB;MAPK1;NFKB1;CDKN1B;RBX1;MAPK3;MKNK2;CREBBP;ENO2;ENO1;MTOR;NPPA;TRF;VEGFA;TFRC;CAMK2G;PIK3R3;FLT1;EPO;ANGPT2;HMOX1;PIK3CB
gsea,mTOR signaling pathway,-0.3600993922235174,-1.6656107235254274,0.0,0.017497942698898185,0.472,58/136,32.07%,RPS6;ATP6V1D;ATP6V1G1;BRAF;SOS1;STRADA;ATP6V1F;IGF1R;FZD2;DVL1;ATP6V1E1;RPS6KB1;ATP6V1H;SKP2;RICTOR;ATP6V1A;LAMTOR3;EIF4B;AKT1;CAB39;RPS6KB2;WNT7B;MAPK1;FNIP1;MAPK3;LRP6;TNFRSF1A;FZD1;CHUK;RRAGB;FZD3;WNT4;MTOR;LAMTOR5;ATP6V1G2;LAMTOR1;RRAGA;MIOS;HRAS;SEH1L;LAMTOR4;PIK3R3;LAMTOR2;IKBKB;SEC13;ATP6V1C2;ATP6V1B2;GRB2;DDIT4;PIK3CB;ULK2;NPRL3;DEPDC5;MAPKAP1;FLCN;RPS6KA6;IGF1;INSR
gsea,Morphine addiction,-0.4131810850751386,-1.661669290453036,0.012,0.017865454092611366,0.479,37/79,26.33%,GNG3;GNB2;PDE10A;ADCY9;ADCY1;GABRA3;GABRG2;PRKACB;GABRA1;SLC32A1;GABRB3;PDE7B;GNG11;GNAS;GNG10;GABBR2;GABRA4;GABRB2;GNAO1;GRK2;ADORA1;ADCY2;PDE3B;GABRA5;PDE1B;GNG7;ADCY5;GNB5;GABRD;PDE7A;GABRA2;KCNJ6;GNG2;GRK6;GABRB1;ADCY6;GRK3
gsea,Olfactory transduction,-0.48379455149829437,-1.6613048104365689,0.0210727969348659,0.017790247971487073,0.481,7/34,7.71%,CALM1;CALM3;CAMK2B;GNAL;CAMK2A;CALM2;PRKACB
gsea,Axon guidance,-0.3543594914006637,-1.6536034012655525,0.007766990291262136,0.019237414406899505,0.51,52/168,24.55%,PPP3CA;CFL1;PPP3CB;CAMK2B;SEMA5A;PPP3R1;EPHA7;SEMA6D;PTK2;PAK3;EFNB3;MYL12B;ROCK2;SLIT1;CAMK2A;PLXNC1;CFL2;ROCK1;LRRC4;CDK5;RAC1;PTCH1;ARHGEF12;SRGAP2;MAPK1;RYK;LIMK2;PLXNA2;RASA1;MAPK3;SEMA3D;PAK6;ENAH;ABLIM3;TRPC1;UNC5A;SEMA6A;FZD3;WNT4;RGMA;SRGAP1;HRAS;PLXNA4;EPHA4;SEMA3F;CAMK2G;BMPR1B;EFNA3;PIK3R3;PARD6A;NCK1;TRPC6
gsea,Progesterone-mediated oocyte maturation,-0.3906996433336083,-1.6480773945341256,0.0087527352297593,0.020042059820819205,0.523,25/79,20.74%,HSP90AA1;HSP90AB1;BRAF;PGR;ADCY9;IGF1R;ANAPC4;CPEB1;ADCY1;PRKACB;AKT1;CDC26;MAPK1;CCNA1;MAPK3;ADCY2;PDE3B;MAPK8;CPEB4;ANAPC1;CPEB3;ADCY5;KIF22;MAPK10;CCNA2
gsea,Chagas disease (American trypanosomiasis),-0.3904576888798068,-1.639734698756602,0.004166666666666667,0.02144368515251344,0.54,29/77,25.39%,TGFB3;GNAQ;GNAL;PPP2R1A;PLCB1;IRAK1;JUN;ADCY1;AKT1;GNAS;MAPK1;NFKB1;SMAD3;GNAO1;TGFB2;MAPK3;MAPK8;TNFRSF1A;CHUK;IKBKG;CALR;MAPK10;PLCB3;PPP2CA;MAPK9;PIK3R3;PLCB2;IKBKB;MAPK11
gsea,Carbohydrate digestion and absorption,-0.46423987849470433,-1.638263362739751,0.006423982869379015,0.02142387705063067,0.542,5/32,4.41%,ATP1B1;ATP1A2;AMY1;ATP1B2;LCT
gsea,Ras signaling pathway,-0.3396812073234409,-1.6367716220436337,0.002053388090349076,0.021571244407370897,0.55,63/189,28.31%,CALM1;CALM3;GRIN1;GNG3;NF1;GNB2;PAK3;RIN1;AFDN;SOS1;RGL1;RASAL2;IGF1R;CALM2;TIAM1;RAB5A;PRKACB;RAC1;AKT1;RASGRP1;RRAS2;GNG11;MAPK1;TGFA;NFKB1;GNG10;NTRK2;BCL2L1;ELK1;RASA1;MAPK3;RALA;RAP1A;PAK6;MAPK8;EXOC2;FGFR1;PDGFRA;CHUK;GNG7;RASA2;GRIN2B;GNB5;IKBKG;MAPK10;VEGFA;HRAS;FGFR3;MAPK9;EFNA3;PIK3R3;FLT1;IKBKB;CSF1;PLCE1;GNG2;HGF;ANGPT2;ETS2;SHOC2;GRB2;BAD;PIK3CB
gsea,Pertussis,-0.4125546670033506,-1.6362873992331561,0.007177033492822967,0.021451442512610382,0.551,13/54,16.03%,CALM1;CALM3;CFL1;IRAK1;JUN;CALM2;CFL2;SERPING1;MAPK1;NFKB1;MAPK3;CASP3;MAPK8
gsea,Apoptosis,-0.36033412536567233,-1.6288621219580273,0.0022371364653243847,0.022399553043368922,0.564,42/118,26.43%,ACTG1;TUBA1A;ACTB;TUBA4A;HRK;CYCS;JUN;BIRC2;BIRC6;CTSF;HTRA2;AKT1;CTSL;GADD45G;MAPK1;NFKB1;BCL2L1;TUBA1B;BAK1;MAPK3;BOK;CAPN2;CASP3;MAPK8;TNFRSF1A;CHUK;CTSB;ATF4;PARP2;IKBKG;ENDOG;MAPK10;HRAS;MAPK9;DIABLO;PIK3R3;APAF1;AIFM1;IKBKB;EIF2S1;CASP9;BBC3
gsea,ErbB signaling pathway,-0.3864249544011165,-1.6246810711801911,0.009900990099009901,0.02294137909317471,0.573,27/80,24.04%,CAMK2B;BRAF;PTK2;PAK3;MAP2K7;NRG2;SOS1;JUN;CAMK2A;RPS6KB1;CBLB;AKT1;RPS6KB2;MAPK1;TGFA;CDKN1B;ELK1;MAPK3;PAK6;MAPK8;MTOR;MAPK10;HRAS;CAMK2G;MAPK9;PIK3R3;NCK1
gsea,Aldosterone-regulated sodium reabsorption,-0.4744234380759822,-1.608356425850728,0.020202020202020204,0.025940813877685754,0.607,6/29,14.10%,ATP1B1;ATP1A2;ATP1B2;MAPK1;NR3C2;MAPK3
gsea,Amoebiasis,-0.3869174016037205,-1.6080832001493723,0.020833333333333332,0.02578859230049797,0.607,26/68,26.00%,PTK2;TGFB3;GNAQ;GNAL;PLCB1;VCL;ADCY1;LAMA2;RAB5A;PRKACB;COL4A2;GNAS;NFKB1;COL4A1;LAMA5;TGFB2;LAMA1;CASP3;IL1R1;PLCB3;PIK3R3;COL1A2;COL4A5;PLCB2;ACTN1;LAMC2
gsea,TNF signaling pathway,-0.37294573844573314,-1.6013754267185307,0.011494252873563218,0.02693906533293809,0.619,32/85,28.31%,DNM1L;MAP2K7;JUN;BIRC2;CEBPB;MAP2K6;AKT1;ATF2;MAPK1;NFKB1;MMP14;BAG4;MAPK3;TAB3;CASP3;MAPK8;TNFRSF1A;CHUK;ATF4;CREB3L1;IKBKG;MAP3K8;MAPK10;JUNB;MAPK9;PIK3R3;IKBKB;CSF1;MAPK11;ATF6B;TAB2;PIK3CB
gsea,Tyrosine metabolism,-0.46992246888713696,-1.584315139821175,0.01818181818181818,0.030712624330718155,0.657,10/25,19.15%,MIF;COMT;MAOB;AOX1;GSTZ1;TYR;FAHD1;GOT1;GOT2;AOX3
gsea,Chronic myeloid leukemia,-0.3795140626713173,-1.58409018939225,0.012096774193548387,0.030572114320521378,0.658,31/76,28.40%,BRAF;TGFB3;SOS1;HDAC1;CDK4;CTBP2;SMAD4;AKT1;CTBP1;GADD45G;MAPK1;NFKB1;CDKN1B;SMAD3;BCL2L1;RB1;BAK1;TGFB2;MAPK3;CCND1;CHUK;IKBKG;HRAS;MECOM;PIK3R3;IKBKB;HDAC2;GRB2;BAD;PIK3CB;E2F3
gsea,Glyoxylate and dicarboxylate metabolism,-0.464886848057669,-1.5835866043753357,0.02494802494802495,0.030371981692624946,0.658,17/27,35.09%,MDH2;MDH1;GLUL;AMT;GRHPR;GLDC;CS;PCCA;CAT;PCCB;PGP;ACO2;MCEE;ACAT1;GCSH;HYI;ACSS1
gsea,Hedgehog signaling pathway,-0.42291286566788944,-1.5706136512948554,0.02434077079107505,0.03326008948206567,0.698,13/40,16.90%,GLI3;KIF3A;PRKACB;CUL3;FBXW11;PTCH1;CSNK1G1;SPOPL;GLI2;GRK2;CUL1;CSNK1A1;CCND1
gsea,T cell receptor signaling pathway,-0.371934909325348,-1.5695921710165783,0.010893246187363835,0.03327019996846341,0.699,26/83,25.39%,PPP3CA;PPP3CB;PPP3R1;PAK3;MAP2K7;SOS1;JUN;CDK4;CBLB;AKT1;RASGRP1;MAPK1;NFKB1;MAPK3;PAK6;CHUK;IKBKG;MAP3K8;VAV3;HRAS;MAPK9;PIK3R3;NCK1;IKBKB;NFATC1;MAPK11
gsea,Citrate cycle (TCA cycle),-0.4656471945765017,-1.5682233011945492,0.027426160337552744,0.033295257975971326,0.702,12/29,26.01%,MDH2;MDH1;IDH3B;PDHB;CS;FH1;PCK2;ACLY;IDH3A;ACO2;SUCLA2;SDHC
gsea,Cytokine-cytokine receptor interaction,0.3615131478548921,1.5656058179186523,0.00794912559618442,0.4490314687691157,0.735,43/132,15.50%,IL34;IL27;PRLR;LEPR;CXCR5;IL20RB;IL10RA;CCL26;TNFRSF10B;BMP5;TNFRSF9;MPL;ACVR1;CCL25;TNFRSF8;CSF1R;CX3CR1;IL23A;ACVR2B;IL17D;CSF3R;IL6RA;GHR;ACKR4;TNFRSF13B;IL17RA;CRLF2;IL11RA1;TGFBR2;CXCR4;CCR5;BMP8B;IL10RB;BMP8A;CCL27A;CCL5;CSF2RB2;IFNAR1;IL13RA1;EDA2R;TNFRSF11A;ACVR1B;IL4
gsea,Glutathione metabolism,-0.41032218343921795,-1.5649323206861072,0.024282560706401765,0.03412931532949117,0.709,13/43,24.87%,GPX4;MGST3;GSTM1;GSTP1;GPX1;NAT8F6;GSTM5;SMS;GSTM4;GSTO1;CHAC2;RRM2B;LAP3
gsea,Ether lipid metabolism,-0.42550953245448075,-1.5625640887401575,0.027139874739039668,0.03444477559823716,0.713,5/36,9.22%,PLPP3;PLA2G7;AGPS;CHPT1;SELENOI
gsea,Glycolysis / Gluconeogenesis,-0.40073442517075175,-1.5611091892509512,0.025477707006369428,0.03459304326522041,0.717,13/50,17.67%,ALDOA;ALDOC;LDHB;GAPDH;PGAM1;TPI1;PDHB;PKM;MINPP1;AKR1A1;ENO2;ENO1;PFKM
gsea,Staphylococcus aureus infection,0.5478298007449777,1.5605570036752985,0.05807622504537205,0.23361652959967377,0.75,11/21,18.47%,MASP2;C1QB;CFH;FPR3;ITGAM;ICAM1;FCGR3;SELPLG;FCGR2B;ITGB2;C3AR1
gsea,Legionellosis,-0.42226504310850765,-1.5600744555105168,0.021691973969631236,0.03457794716864921,0.718,12/41,16.34%,EEF1A1;HSPA8;CYCS;ARF1;HSPD1;RAB1B;EEF1G;BNIP3;NFKB1;HSPA2;CASP3;HSF1
gsea,Hypertrophic cardiomyopathy (HCM),-0.36274178698157156,-1.553475436534545,0.014644351464435146,0.03603106594878795,0.73,16/75,16.89%,ACTG1;ACTB;CACNA2D2;TPM1;RYR2;TGFB3;ITGA7;LAMA2;AGT;PRKAG2;ITGB8;SGCB;TGFB2;ATP2A2;ITGA9;ITGA4
gsea,N-Glycan biosynthesis,-0.3952835681072466,-1.5501619287644848,0.03206412825651302,0.036697795904031716,0.739,19/49,27.73%,MAN1A2;STT3B;ST6GAL1;ALG2;FUT8;RPN2;GANAB;STT3A;DDOST;RPN1;MAN2A2;MGAT5B;MAN1C1;ALG6;TUSC3;ALG5;DPM2;DOLK;MGAT2
gsea,Toxoplasmosis,-0.3646577364326094,-1.543472835484784,0.01152073732718894,0.03809908899424919,0.749,34/84,30.27%,HSPA8;CYCS;TGFB3;IRAK1;BIRC2;LAMA2;MAP2K6;AKT1;MAPK1;NFKB1;GNAO1;BCL2L1;LAMA5;TGFB2;LAMA1;MAPK3;HSPA2;CASP3;MAPK8;TNFRSF1A;CHUK;IKBKG;MAPK10;TYK2;PPIF;MAPK9;IKBKB;MAPK11;CASP9;LAMC2;TAB2;BAD;H2-DMA;IRAK4
gsea,PI3K-Akt signaling pathway,-0.3011410952041249,-1.5431462378146028,0.0022624434389140274,0.03793056573673848,0.749,81/281,26.75%,HSP90AA1;YWHAH;HSP90B1;HSP90AB1;RPS6;YWHAZ;YWHAE;GNG3;GNB2;PTK2;YWHAB;PKN2;PPP2R1A;SOS1;ITGA7;IGF1R;CDK4;RPS6KB1;LAMA2;COL4A2;RAC1;EIF4B;AKT1;PHLPP1;RPS6KB2;GNG11;CRTC2;VTN;ATF2;MAPK1;TGFA;NFKB1;COL2A1;GNG10;ITGB8;CDKN1B;NTRK2;BCL2L1;COL4A1;THBS4;LAMA5;LAMA1;CHRM1;MAPK3;FGFR1;ITGA9;PDGFRA;RELN;ITGA4;CCND1;CHUK;GNG7;ATF4;CREB3L1;MTOR;GNB5;IKBKG;VEGFA;HRAS;YWHAG;PPP2CA;FGFR3;PCK2;EFNA3;PIK3R3;COL1A2;RBL2;COL4A5;FLT1;IKBKB;TNR;CSF1;PPP2R5D;CASP9;GNG2;HGF;LAMC2;ITGA11;ATF6B;EPO;ANGPT2
gsea,Cholesterol metabolism,-0.4251996189634679,-1.541981282672688,0.022988505747126436,0.03803255434273505,0.752,16/34,36.35%,APOE;VDAC2;ABCA1;NCEH1;LPL;PLTP;PCSK9;NPC1;VAPA;LCAT;NPC2;SOAT1;APOA1;LDLRAP1;SCARB1;LRPAP1
gsea,Leukocyte transendothelial migration,-0.3618860880163236,-1.5400226167131565,0.021834061135371178,0.03817506624252264,0.755,13/86,6.93%,ACTG1;ACTB;PTK2;PTK2B;CLDN10;MYL12B;ROCK2;ARHGAP5;AFDN;THY1;EZR;VCL;ROCK1
gsea,Pentose phosphate pathway,-0.46247639303964116,-1.538868363294507,0.028056112224448898,0.03816258436338819,0.761,10/24,26.63%,ALDOA;ALDOC;RPE;IDNK;PRPS1L3;PFKM;PRPS1;TKT;RBKS;PGM1
gsea,Influenza A,-0.33761554787653564,-1.5320988209033422,0.002197802197802198,0.03962715624118586,0.773,34/110,25.74%,PABPN1;ACTG1;HSPA8;ACTB;CYCS;MAP2K7;JUN;TLR3;MAP2K6;XPO1;FURIN;AKT1;EIF2AK4;IVNS1ABP;ATF2;MAPK1;NFKB1;NUP98;DNAJC3;MAPK3;HSPA2;MAPK8;TNFRSF1A;CREBBP;MAPK10;IKBKE;TYK2;MAPK9;PIK3R3;AGFG1;IKBKB;EIF2S1;MAPK11;CASP9
gsea,Phosphatidylinositol signaling system,-0.36331717710942746,-1.5312290214563533,0.011976047904191617,0.03970040841088084,0.774,29/93,25.84%,CALM1;DGKH;CALM3;DGKI;CDIPT;PLCB1;CALM2;SYNJ1;PPIP5K2;IMPA1;MTMR1;PIP5K1B;PIK3C3;CDS2;INPP1;DGKE;INPP4B;MTM1;PLCB3;PPIP5K1;MTMR2;ITPKB;PIP4P2;DGKB;INPP5B;PIK3R3;PLCB2;PLCE1;ITPK1
gsea,Peroxisome,-0.3577542833471008,-1.5237235753086598,0.014799154334038054,0.04170478447772817,0.787,39/79,38.83%,FAR1;AGPS;ACSL3;NUDT12;PXMP4;MPV17;PRDX5;ABCD2;DDO;NUDT19;ACSL1;PEX2;ACOX1;ACSL4;PRDX1;MPV17L;CAT;PEX19;SOD1;HMGCLL1;ABCD3;ACSL6;PEX3;SLC25A17;ECI2;AMACR;PEX5;MPV17L2;EPHX2;PXMP2;PAOX;HSD17B4;PEX10;FAR2;PIPOX;PEX26;PECR;MLYCD;ABCD1
gsea,Viral myocarditis,-0.4044262560651466,-1.5187500302868784,0.032036613272311214,0.043140491542566994,0.795,19/40,29.99%,ACTG1;ACTB;EIF4G2;CYCS;LAMA2;RAC1;SGCB;EIF4G1;CAV1;CASP3;CCND1;EIF4G3;H2-T23;CD55;CASP9;H2-T22;H2-D1;H2-T24;H2-DMA
gsea,Pyruvate metabolism,-0.43293546319221704,-1.507679434120423,0.028629856850715747,0.046394176082505505,0.819,11/34,19.16%,LDHB;ME3;MDH2;MDH1;HAGH;PDHB;GRHPR;PKM;ACACA;GLO1;FH1
gsea,NOD-like receptor signaling pathway,-0.3304386308843936,-1.5070323406968786,0.014150943396226415,0.04625852059688414,0.819,40/125,25.48%,HSP90AA1;HSP90AB1;VDAC2;ERBIN;DNM1L;GABARAP;SHARPIN;PLCB1;JUN;BIRC2;GABARAPL2;BRCC3;MAPK1;NFKB1;BCL2L1;MAPK3;TRP53BP1;TAB3;MAPK8;CHUK;CTSB;ATG16L1;IKBKG;TRPM7;PRKCD;MAPK10;PLCB3;IKBKE;TYK2;NEK7;DHX33;TXN1;MAPK9;ATG12;TXNIP;PLCB2;IKBKB;MFN1;MAPK11;CYBA
gsea,Cholinergic synapse,-0.3486871559109903,-1.5069287590132274,0.018907563025210083,0.04597919058215641,0.82,33/103,26.27%,CAMK2B;GNG3;GNB2;ADCY9;GNAQ;PLCB1;CAMK2A;ADCY1;PRKACB;AKT1;KCNJ4;GNG11;MAPK1;GNG10;GNAO1;CHRM1;MAPK3;ADCY2;GNG7;ATF4;CREB3L1;ADCY5;GNB5;PLCB3;HRAS;CAMK2G;PIK3R3;PLCB2;KCNJ6;CACNA1C;GNG2;CHRM3;ADCY6
gsea,Insulin signaling pathway,-0.33556694081559474,-1.5052907917652187,0.014344262295081968,0.046255600420089936,0.823,27/121,16.22%,CALM1;CALM3;RPS6;BRAF;PRKAR1A;PHKA1;SOS1;CALM2;RPS6KB1;PRKAR2B;PPP1CA;PRKACB;PPP1R3C;CBLB;AKT1;PHKG1;PRKCI;RPS6KB2;PRKAG2;MAPK1;PHKB;ELK1;MAPK3;ACACA;PDE3B;MAPK8;MKNK2
gsea,Fc gamma R-mediated phagocytosis,-0.3656418124782433,-1.503663380033569,0.015779092702169626,0.04635858134866899,0.825,17/84,14.10%,CFL1;PLPP3;PRKCE;MARCKS;RPS6KB1;CFL2;WASF1;ARPC5;ARPC2;RAC1;MARCKSL1;AKT1;RPS6KB2;MAPK1;PIP5K1B;LIMK2;MAPK3
gsea,Cushing syndrome,-0.3220541934171974,-1.5014157147338554,0.0069124423963133645,0.04686203037799307,0.834,49/134,29.09%,CAMK2B;BRAF;ADCY9;GNAQ;CACNA1H;PLCB1;CAMK2A;FZD2;DVL1;CDK4;USP8;ADCY1;PRKACB;AGT;ATF2;GNAS;WNT7B;MAPK1;CDKN1B;NCEH1;RB1;MAPK3;RAP1A;ADCY2;FZD1;ASH2L;CCND1;ATF4;KCNA4;CREB3L1;CTNNB1;FZD3;ADCY5;WNT4;FH1;PLCB3;CAMK2G;PLCB2;CACNA1C;TCF7L2;ADCY6;ATF6B;KMT2A;AGTR1A;TCF7;E2F3;AXIN2;WDR5B;RASD1
gsea,Phototransduction,-0.5210225407501311,-1.5006293240000004,0.04338394793926247,0.04674066334395833,0.835,4/15,7.21%,CALM1;CALM3;CALM2;GUCY2F
gsea,Other types of O-glycan biosynthesis,0.4713534275229713,1.4974777523755962,0.04356435643564356,0.2506400235619293,0.875,6/22,3.73%,B3GLCT;OGT;ST6GAL2;POFUT1;MFNG;PLOD3
gsea,FoxO signaling pathway,-0.33421898361879665,-1.495747902005258,0.01818181818181818,0.04815575946007431,0.84,48/115,32.07%,S1PR1;BRAF;GRM1;TGFB3;GABARAP;SOS1;IGF1R;PLK4;SKP2;GABARAPL2;SMAD4;AKT1;BNIP3;PRKAG2;GADD45G;MAPK1;BCL6;CDKN1B;SMAD3;TGFB2;MAPK3;MAPK8;CCND1;CREBBP;PLK2;CHUK;HOMER3;CAT;MAPK10;HRAS;PCK2;MAPK9;PIK3R3;RBL2;CDKN2D;ATG12;CCNG2;IKBKB;MAPK11;GRB2;PIK3CB;CSNK1E;FBXO25;IRS2;SETD7;IGF1;HOMER2;INSR
gsea,Renin-angiotensin system,-0.511821242426129,-1.4894806692132847,0.058704453441295545,0.05011116205655078,0.853,7/15,29.79%,ATP6AP2;AGT;MME;CTSA;ENPEP;AGTR1A;LNPEP
gsea,Measles,-0.3372493781772889,-1.4878856450743112,0.008948545861297539,0.05029898863713466,0.856,35/99,28.31%,HSPA8;CYCS;IRAK1;JUN;CDK4;CBLB;RACK1;AKT1;EIF2AK4;NFKB1;CDKN1B;BCL2L1;BAK1;HSPA2;CSNK2B;CASP3;RAB9B;MAPK8;CCND1;CHUK;IKBKG;MAPK10;IKBKE;TYK2;MAPK9;PIK3R3;APAF1;IKBKB;EIF2S1;CASP9;BBC3;TAB2;RAB9;BAD;PIK3CB
gsea,MAPK signaling pathway,-0.2970057365685142,-1.4689616037904862,0.008368200836820083,0.05715541796709079,0.886,75/254,26.03%,PPP3CA;HSPA8;PPP3CB;STMN1;PPP3R1;NF1;BRAF;TAOK1;CACNA2D2;JUND;TGFB3;FLNB;MAP2K7;CACNA1H;SOS1;RAPGEF2;IRAK1;JUN;IGF1R;CACNA1E;MAP2K6;PRKACB;MAP3K4;LAMTOR3;IL1RAP;RAC1;AKT1;MAPK8IP2;RASGRP1;RRAS2;ATF2;GADD45G;MAPK1;TGFA;NFKB1;NTRK2;ELK1;TGFB2;RASA1;MAPK3;HSPA2;RAP1A;CASP3;MAPK8;MKNK2;TNFRSF1A;FGFR1;PDGFRA;CHUK;ATF4;IL1R1;RASA2;IKBKG;MAP3K8;MAPK10;VEGFA;PPM1B;HRAS;DUSP6;DUSP10;MECOM;MAP3K2;CACNG8;FGFR3;MAPK9;EFNA3;FLT1;IKBKB;CACNA1C;CSF1;NFATC1;DUSP7;MAPK11;HGF;CACNB3
gsea,Transcriptional misregulation in cancer,-0.32612837703280295,-1.4631224174372883,0.01859504132231405,0.05890216555265467,0.89,30/131,13.88%,DDX5;FUS;TSPAN7;EYA1;H3F3B;EWSR1;PTK2;BCL11B;CCNT2;GRIA3;CDK9;LDB1;IGF1R;HDAC1;BMI1;CEBPB;JMJD1C;MITF;FUT8;MYCN;ID2;GADD45G;NCOR1;BCL6;CCNA1;NFKB1;CDKN1B;MLLT3;BCL2L1;BAK1
gsea,Cortisol synthesis and secretion,-0.3719074438008861,-1.4612669611495743,0.03854389721627409,0.05920292957140096,0.891,28/55,36.57%,ADCY9;GNAQ;CACNA1H;PLCB1;ADCY1;PRKACB;AGT;ATF2;GNAS;NCEH1;ADCY2;ATF4;KCNA4;CREB3L1;ADCY5;PLCB3;PLCB2;CACNA1C;ADCY6;ATF6B;AGTR1A;PDE8A;CACNA1D;SP1;ITPR1;ITPR2;SCARB1;CREB5
gsea,TGF-beta signaling pathway,-0.35192174959422595,-1.4574296802225915,0.028761061946902654,0.06032383291236708,0.893,29/70,30.31%,TGFB3;PPP2R1A;RPS6KB1;ROCK1;SMAD4;ACVR2A;RPS6KB2;ID2;ZFYVE9;MAPK1;SMAD3;CHRD;RBX1;TGFB2;MAPK3;CUL1;CREBBP;ID3;RGMA;RGMB;PPP2CA;BMPR1B;INHBA;NEO1;SMAD1;BMPR1A;BAMBI;TGIF2;BMPR2
gsea,Platelet activation,-0.34019836180701435,-1.4551984518690753,0.0367965367965368,0.060917212908485924,0.897,33/105,26.27%,ACTG1;ACTB;MYL12B;ADCY9;ROCK2;GNAQ;PLCB1;PPP1CA;ROCK1;ADCY1;PRKACB;ARHGEF12;AKT1;RASGRP1;PRKCI;GNAS;MAPK1;TLN2;MAPK3;RAP1A;ADCY2;PPP1CB;ADCY5;GUCY1B2;PLCB3;GUCY1A2;PIK3R3;COL1A2;PPP1R12A;PLCB2;GNA13;MAPK11;ADCY6
gsea,Th1 and Th2 cell differentiation,-0.3554778678489561,-1.453251794588984,0.037199124726477024,0.06151522452588041,0.897,19/62,25.39%,PPP3CA;PPP3CB;MAML2;PPP3R1;JUN;MAPK1;NFKB1;MAPK3;MAPK8;MAML3;CHUK;IKBKG;MAPK10;JAG2;TYK2;MAPK9;IKBKB;NFATC1;MAPK11
gsea,SNARE interactions in vesicular transport,-0.418807061012574,-1.4502928447187264,0.060240963855421686,0.0625642368389299,0.9,11/31,22.47%,VAMP2;STX1B;USE1;VTI1B;YKT6;STX7;VAMP3;STX19;STX16;SEC22B;STX2
gsea,Arrhythmogenic right ventricular cardiomyopathy (ARVC),-0.34567572165992466,-1.447335813152108,0.030864197530864196,0.06360013649806628,0.905,21/69,26.20%,ACTG1;GJA1;ACTB;DSP;CACNA2D2;RYR2;ITGA7;LAMA2;ITGB8;SGCB;ATP2A2;ITGA9;ITGA4;CTNNB1;DSG2;CACNG8;PKP2;CACNA1C;TCF7L2;CACNB3;ITGA11
gsea,B cell receptor signaling pathway,-0.3692427339910155,-1.4459534330280335,0.04339250493096647,0.06358643252553922,0.907,19/64,25.19%,PPP3CA;PPP3CB;PPP3R1;CD81;SOS1;JUN;RAC1;AKT1;MAPK1;NFKB1;MAPK3;CHUK;IKBKG;VAV3;HRAS;PIK3R3;CR2;IKBKB;NFATC1
gsea,Arachidonic acid metabolism,-0.38192056415914205,-1.4419920732586946,0.04481132075471698,0.06499405044436768,0.911,14/41,32.23%,PTGDS;CYP2J6;GPX1;CYP2J9;PTGES3;LTA4H;CYP2C66;CYP2C55;PTGIS;HPGDS;CYP2J12;EPHX2;ALOX8;PTGS1
gsea,RNA polymerase,-0.42234788309911064,-1.4386909661108194,0.05128205128205128,0.06596066678421442,0.914,15/26,35.35%,POLR2G;POLR2E;POLR3F;POLR3K;POLR2A;POLR3H;POLR3A;POLR2L;POLR2D;POLR2B;POLR3D;POLR2C;POLR2H;POLR3E;POLR3C
gsea,Small cell lung cancer,-0.3265833391844238,-1.4362793644864118,0.01935483870967742,0.06678681147545532,0.915,29/85,28.40%,PTK2;CYCS;BIRC2;CDK4;LAMA2;SKP2;COL4A2;AKT1;GADD45G;NFKB1;CDKN1B;BCL2L1;COL4A1;LAMA5;RB1;BAK1;LAMA1;CASP3;CCND1;CHUK;IKBKG;PIK3R3;APAF1;COL4A5;IKBKB;CASP9;LAMC2;PIK3CB;E2F3
gsea,Autophagy,-0.31827919568683943,-1.4307289669639585,0.03313840155945419,0.06910290437552134,0.927,41/125,24.90%,HIF1A;GABARAP;IGF1R;RPS6KB1;PRKACB;AMBRA1;GABARAPL2;SUPT20;AKT1;BNIP3;CTSL;EIF2AK4;RPS6KB2;RRAS2;DAPK1;MAPK1;BCL2L1;PIK3C3;MAPK3;UVRAG;HMGB1;RB1CC1;MAPK8;ATG9A;CTSB;RRAGB;ATG16L1;ATG4D;MTOR;PRKCD;MAPK10;RRAGA;SH3GLB1;HRAS;RAB33B;PPP2CA;MAPK9;PIK3R3;ATG12;ATG101;EIF2S1
gsea,Bacterial invasion of epithelial cells,-0.3633769881098834,-1.4293268196311892,0.0430327868852459,0.06922982747704247,0.928,24/64,29.81%,ACTG1;ACTB;PTK2;CLTC;VCL;WASF1;ARPC5;ARPC2;RAC1;ELMO2;CAV1;CD2AP;ELMO3;CLTA;CTNNB1;ARHGEF26;DOCK1;PIK3R3;CLTB;ARPC1A;WASL;PIK3CB;GAB1;ARPC4
gsea,Mannose type O-glycan biosynthesis,-0.4424079406922467,-1.426442823187425,0.07128712871287128,0.07029727607801006,0.932,9/21,25.33%,B4GAT1;RXYLT1;POMGNT1;B3GALNT2;B3GAT2;FKTN;FUT9;MGAT5B;POMK
gsea,Glycosaminoglycan degradation,0.4747907273250425,1.423434499511046,0.0755813953488372,0.31715829538503365,0.948,5/17,11.38%,HEXB;GLB1;GNS;HPSE;GUSB
gsea,Epstein-Barr virus infection,-0.29724332576064955,-1.4205897771925315,0.0182648401826484,0.07267673430181962,0.938,58/157,30.76%,PSMD2;CYCS;MAP2K7;IRAK1;JUN;HDAC1;CDK4;PSMC2;HES1;NEDD4;MAP2K6;SKP2;PSMD14;SEM1;PSMC6;RAC1;AKT1;GADD45G;PSMC1;CCNA1;NFKB1;CDKN1B;CIR1;RB1;BAK1;PSMD6;CASP3;MAPK8;CCND1;CHUK;IKBKG;PSMC5;CALR;MAPK10;IKBKE;CCNA2;TYK2;H2-T23;MAPK9;PSMC3;PIK3R3;CR2;APAF1;IKBKB;MAPK11;CASP9;HDAC2;PSMD1;TAB2;H2-T22;PIK3CB;E2F3;H2-D1;SNW1;H2-T24;H2-DMA;IRAK4;ISG15
gsea,Chemokine signaling pathway,-0.3166362845544696,-1.4191899730842312,0.029978586723768737,0.07306406748981312,0.939,43/134,28.31%,GNG3;BRAF;GNB2;PTK2;PTK2B;ADCY9;ROCK2;PLCB1;SOS1;TIAM1;ROCK1;ADCY1;PRKACB;RAC1;AKT1;GNG11;MAPK1;NFKB1;GNG10;GRK2;MAPK3;RAP1A;ADCY2;CHUK;GNG7;ADCY5;GNB5;IKBKG;PRKCD;PLCB3;VAV3;HRAS;PIK3R3;PLCB2;IKBKB;GNG2;GRK6;ADCY6;GRK3;GRB2;WASL;BAD;PIK3CB
gsea,Breast cancer,-0.3058364043252111,-1.4010514393332112,0.028953229398663696,0.08153863653598241,0.952,60/124,38.96%,BRAF;PGR;SOS1;JUN;IGF1R;FZD2;DVL1;CDK4;RPS6KB1;HES1;HEY1;AKT1;RPS6KB2;GADD45G;WNT7B;MAPK1;RB1;BAK1;MAPK3;CSNK1A1;LRP6;FGFR1;FZD1;CCND1;HEY2;CTNNB1;FZD3;WNT4;MTOR;FRAT1;JAG2;HRAS;HES5;PIK3R3;TCF7L2;NOTCH2;GRB2;TCF7;NCOA1;PIK3CB;E2F3;AXIN2;IGF1;FZD4;NOTCH4;SP1;WNT5A;GADD45A;FZD6;NOTCH1;DLL1;TCF7L1;DVL2;SHC1;AKT3;PIK3R1;BRCA2;FGF9;GSK3B;DLL3
gsea,Metabolism of xenobiotics by cytochrome P450,-0.4113907134153515,-1.39874002947629,0.07430997876857749,0.08236327909331226,0.953,6/25,17.55%,MGST3;GSTM1;GSTP1;GSTM5;GSTM4;GSTO1
gsea,Longevity regulating pathway,-0.32368700644967957,-1.3947933841135187,0.04564315352697095,0.0840260668981608,0.956,30/91,26.59%,HSPA8;ADCY9;IGF1R;HDAC1;CRYAB;RPS6KB1;ADCY1;PRKACB;AKT1;APPL1;RPS6KB2;PRKAG2;ATF2;NFKB1;HSPA2;ADCY2;RB1CC1;ATF4;CREB3L1;ADCY5;CAT;MTOR;SOD1;HRAS;EHMT1;PIK3R3;ATG101;HDAC2;ADCY6;ATF6B
gsea,"Parathyroid hormone synthesis, secretion and action",-0.32666525196690943,-1.3908286215948076,0.03837953091684435,0.0857472611623551,0.96,25/86,20.39%,MEF2A;MMP16;BRAF;JUND;ADCY9;GNAQ;PLCB1;ADCY1;PRKACB;NACA;ATF2;GNAS;MAPK1;MMP14;MAFB;MAPK3;ADCY2;LRP6;FGFR1;ATF4;CREB3L1;ADCY5;RUNX2;MMP15;PLCB3
gsea,Glycerophospholipid metabolism,-0.3221218928787481,-1.3780032808994747,0.0465587044534413,0.09322639241537947,0.972,20/82,25.08%,DGKH;PLPP3;DGKI;CHKA;CDIPT;CHPT1;SELENOI;AGPAT3;GPCPD1;GPD2;CDS2;PCYT2;CRLS1;DGKE;LPGAT1;DGKB;GPAT3;CEPT1;LCAT;PCYT1B
gsea,Hippo signaling pathway,-0.29977924334947836,-1.37798480942465,0.05263157894736842,0.09271559652904918,0.972,30/133,19.08%,ACTG1;YWHAH;ACTB;YWHAZ;YWHAE;YWHAB;TGFB3;PPP2R1A;BIRC2;FZD2;DVL1;PPP1CA;SNAI2;FBXW11;WWC1;SMAD4;PRKCI;ID2;WNT7B;SMAD3;GLI2;TGFB2;FZD1;YAP1;CCND1;CTNNB1;PPP1CB;FZD3;WNT4;RASSF2
gsea,Cysteine and methionine metabolism,-0.37054187126735944,-1.3731445193910634,0.08571428571428572,0.09506663759763403,0.973,11/40,21.76%,AHCYL2;LDHB;MDH2;MDH1;MAT2B;SMS;GOT1;GOT2;APIP;MRI1;AHCYL1
gsea,Sphingolipid metabolism,-0.3510280723928849,-1.3609439035482258,0.07407407407407407,0.10211704816290997,0.98,11/46,16.56%,PLPP3;B4GALT6;DEGS1;ACER3;CERS2;UGCG;ARSA;CERS4;GALC;CERS5;SMPD4
gsea,Chemical carcinogenesis,-0.3900138308878669,-1.36053439063629,0.08817204301075268,0.10179126020433811,0.98,8/32,19.27%,MGST3;GSTM1;GSTP1;GSTM5;CYP2C66;GSTM4;GSTO1;CYP2C55
gsea,Long-term depression,-0.3479522368312963,-1.3502975734356815,0.0814663951120163,0.1078357176718395,0.985,19/57,24.97%,GRIA2;BRAF;GRM1;GRIA3;GNAQ;PPP2R1A;PLCB1;IGF1R;GNAS;MAPK1;GNAO1;MAPK3;GUCY1B2;PLCB3;GUCY1A2;HRAS;PPP2CA;PLCB2;GNA13
gsea,Central carbon metabolism in cancer,-0.3256699488068626,-1.3430729574568325,0.058212058212058215,0.1120117034453123,0.986,19/60,26.19%,HIF1A;PGAM1;AKT1;NTRK3;PDHB;MAPK1;PKM;MAPK3;GLS;FGFR1;PDGFRA;PFKM;MTOR;SCO2;HRAS;FGFR3;PIK3R3;GLS2;GCK
gsea,Malaria,-0.3838447794607599,-1.3363380706134664,0.09285714285714286,0.11637474040020161,0.988,6/27,13.97%,CD81;TGFB3;GYPA;ACKR1;THBS4;TGFB2
gsea,Steroid biosynthesis,0.4656630391471356,1.3336083440987179,0.1414141414141414,0.45079861347107997,0.991,4/15,5.63%,MSMO1;FDFT1;CYP51;DHCR7
gsea,Thyroid cancer,-0.37146221916420796,-1.324702930102066,0.10743801652892562,0.123757413436643,0.991,13/34,27.76%,TPR;BRAF;TFG;GADD45G;MAPK1;BAK1;MAPK3;CCND1;CTNNB1;HRAS;NCOA4;TCF7L2;TCF7
gsea,ECM-receptor interaction,-0.3029072538069118,-1.2962058024634762,0.0825,0.14533849158448398,0.995,23/71,26.20%,SDC4;ITGA7;LAMA2;COL4A2;VTN;COL2A1;ITGB8;COL4A1;THBS4;LAMA5;CD47;LAMA1;AGRN;ITGA9;RELN;ITGA4;SV2A;SV2C;COL1A2;COL4A5;TNR;LAMC2;ITGA11
gsea,Signaling pathways regulating pluripotency of stem cells,-0.2870210976572627,-1.2849791638719998,0.08830022075055188,0.15453761280048534,0.997,60/109,41.88%,IGF1R;FZD2;DVL1;BMI1;OTX1;SMAD4;AKT1;ACVR2A;ID2;WNT7B;MAPK1;SMAD3;MAPK3;PCGF1;FGFR1;FZD1;ID3;CTNNB1;FZD3;RIF1;SMARCAD1;WNT4;HRAS;FGFR3;MEIS1;BMPR1B;IL6ST;PIK3R3;MAPK11;INHBA;SMAD1;GRB2;PIK3CB;BMPR1A;AXIN2;BMPR2;KAT6A;IGF1;KLF4;PAX6;FZD4;DLX5;PCGF6;WNT5A;FZD6;DVL2;AKT3;PIK3R1;SMAD9;GSK3B;JAK1;PCGF5;ID4;PCGF2;FZD8;APC;JAK3;MAP2K1;FZD9;SETDB1
gsea,Phospholipase D signaling pathway,-0.284705718239293,-1.2765432127733316,0.10344827586206896,0.16081648798263645,0.998,25/128,19.11%,DGKH;PLPP3;GRM1;DGKI;PTK2B;ADCY9;PLCB1;SOS1;ARF1;ADCY1;AGT;AKT1;GRM2;RRAS2;GNAS;MAPK1;AGPAT3;PIP5K1B;MAPK3;RALA;ADCY2;PDGFRA;ADCY5;MTOR;DGKE
gsea,Type II diabetes mellitus,-0.34379104691030493,-1.2696555316535292,0.1443089430894309,0.1663367555697979,0.998,18/38,32.07%,PRKCE;CACNA1E;MAPK1;PKM;MAPK3;MAPK8;MTOR;PRKCD;MAPK10;MAPK9;PIK3R3;IKBKB;CACNA1C;GCK;PIK3CB;CACNA1D;IRS2;INSR
gsea,Drug metabolism,-0.3072473955703119,-1.2673250878052844,0.1,0.1676838597727709,0.998,20/56,26.12%,MGST3;GSTM1;GSTP1;GMPS;HPRT;NME1;MAOB;IMPDH1;AOX1;GSTM5;GSTM4;GSTO1;AOX3;NME4;UCKL1;NME7;NME2;RRM2B;NME6;FMO1
gsea,Lysosome,-0.2838581026306679,-1.2529057190908848,0.11798839458413926,0.18076268697895573,0.998,36/112,28.12%,PSAP;ATP6V0C;AP3M1;LAPTM4A;ATP6V0A2;CTSF;CLTC;ATP6V1H;CLN5;M6PR;IDS;GNPTG;AP3B1;CTSL;ARSA;GALC;CD164;AP1G1;AP1S1;CTSB;CLTA;CTSA;ATP6AP1;SUMF1;GM2A;NPC1;PPT1;ABCA2;TPP1;CLTB;NPC2;AP3S1;SMPD1;HYAL1;NAPSA;NAGA
gsea,Other glycan degradation,0.40079216680398566,1.2389072455486931,0.19274809160305342,0.650397607557942,1.0,4/18,11.91%,HEXB;GLB1;MANBA;NEU2
gsea,Acute myeloid leukemia,-0.30973351833083024,-1.2364550681449156,0.14107883817427386,0.19634239749504784,0.998,23/61,28.31%,BRAF;SOS1;RPS6KB1;AKT1;RPS6KB2;MAPK1;CCNA1;NFKB1;MAPK3;CCND1;CHUK;MTOR;IKBKG;PIM1;HRAS;DUSP6;PIK3R3;IKBKB;TCF7L2;GRB2;TCF7;BAD;PIK3CB
gsea,Taste transduction,-0.3481997408916478,-1.2352432194188223,0.16938775510204082,0.196530833795644,0.998,14/38,26.27%,SCN2A;GRM1;GABRA3;PRKACB;SCN3A;GABRA1;GABBR2;GABRA4;GABRA5;PDE1B;GABRA2;CACNA1C;CHRM3;ADCY6
gsea,Protein digestion and absorption,-0.2937986306337754,-1.2302994019345748,0.12745098039215685,0.20073521558793625,0.998,14/62,26.25%,ATP1B1;ATP1A2;ATP1B2;COL4A2;COL2A1;COL4A1;MME;COL11A2;COL12A1;COL1A2;ATP1A1;COL4A5;FXYD2;CPA2
gsea,Tryptophan metabolism,0.34160081394134506,1.2273146326096238,0.16135084427767354,0.5927508228874367,1.0,14/36,18.38%,AOX4;ALDH1B1;IDO2;ACAT2;ALDH7A1;AADAT;IL4I1;ALDH8A1;ACMSD;KYNU;AFMID;EHHADH;TPH2;KYAT1
gsea,Toll-like receptor signaling pathway,-0.2985173977092571,-1.2227448038332818,0.15789473684210525,0.20812337276610804,0.998,23/66,28.31%,MAP2K7;IRAK1;JUN;TLR3;MAP2K6;RAC1;AKT1;MAPK1;NFKB1;MAPK3;MAPK8;CHUK;IKBKG;MAP3K8;MAPK10;IKBKE;MAPK9;PIK3R3;IRF5;IKBKB;MAPK11;TAB2;PIK3CB
gsea,Sphingolipid signaling pathway,-0.2722316011103294,-1.2196615732175038,0.12934362934362933,0.21062366728733864,0.998,30/112,25.62%,PRKCE;S1PR1;ROCK2;GNAQ;PPP2R1A;PLCB1;DEGS1;ROCK1;NSMAF;RAC1;CERS2;AKT1;MAPK1;NFKB1;CERS4;CERS5;ADORA1;MAPK3;MAPK8;TNFRSF1A;MAPK10;PLCB3;HRAS;PPP2CA;MAPK9;PIK3R3;PLCB2;GNA13;MAPK11;PPP2R5D
gsea,Bladder cancer,-0.33755914227962663,-1.21927053591615,0.170995670995671,0.20993355686911272,0.998,10/35,22.55%,BRAF;CDK4;DAPK1;MAPK1;RB1;MAPK3;CCND1;VEGFA;HRAS;FGFR3
gsea,VEGF signaling pathway,-0.30927667282975807,-1.2129285174313842,0.18388429752066116,0.21626555290466717,1.0,8/53,14.10%,PPP3CA;PPP3CB;PPP3R1;PTK2;RAC1;AKT1;MAPK1;MAPK3
gsea,Prion diseases,-0.35062031677429073,-1.2094170571194034,0.17660044150110377,0.21938102305455434,1.0,6/28,14.10%,PRNP;HSPA5;PRKACB;MAPK1;ELK1;MAPK3
gsea,Inositol phosphate metabolism,-0.2933055530070453,-1.2021217039804994,0.17864476386036962,0.22682787501457946,1.0,27/71,32.71%,ALDH6A1;CDIPT;PLCB1;TPI1;SYNJ1;IMPA1;MTMR1;PIP5K1B;PIK3C3;MINPP1;INPP1;PIP5KL1;INPP4B;MTM1;PLCB3;MTMR2;ITPKB;INPP5B;PLCB2;PLCE1;ITPK1;PLCD1;PIK3CB;PIK3C2A;ITPKC;PI4KB;ISYNA1
gsea,DNA replication,-0.32988655979424114,-1.2011748368169497,0.1812366737739872,0.22663186808557248,1.0,13/34,34.03%,PCNA;RPA3;MCM6;FEN1;MCM7;POLD3;MCM4;POLA1;RFC1;SSBP1;RNASEH2C;RFC5;POLE3
gsea,Systemic lupus erythematosus,-0.3718185376660652,-1.198511096236362,0.202991452991453,0.22864561680016066,1.0,11/22,35.59%,H3F3B;SSB;GRIN2B;ACTN1;SNRPD3;GRIN2A;H2-DMA;SNRPB;SNRPD1;H3F3A;ACTN4
gsea,Natural killer cell mediated cytotoxicity,-0.28455209886509825,-1.1830613720335736,0.18736383442265794,0.24711003260787137,1.0,6/72,4.25%,PPP3CA;PPP3CB;PPP3R1;BRAF;PTK2B;SOS1
gsea,Ovarian steroidogenesis,-0.3209348282097167,-1.1803958229763492,0.21149897330595482,0.2493550296594679,1.0,15/36,32.07%,CYP2J6;ADCY9;IGF1R;ADCY1;PRKACB;CYP2J9;GNAS;ADCY2;ADCY5;HSD17B7;FSHR;ADCY6;CYP2J12;IGF1;INSR
gsea,Arginine and proline metabolism,-0.3009483223387501,-1.1779710272296873,0.2012847965738758,0.2510554198667004,1.0,10/44,20.38%,CKB;OAT;SAT2;MAOB;GATM;SMS;GOT1;GOT2;PYCRL;P4HA2
gsea,Lysine degradation,-0.29486529701158726,-1.169347029237756,0.21739130434782608,0.2607157145733539,1.0,20/57,31.56%,KMT2C;NSD1;KMT5A;PLOD2;COLGALT2;SETD2;KMT2E;SETD3;ASH1L;DOT1L;HADHA;CAMKMT;EHMT1;NSD2;SUV39H1;KMT2A;NSD3;ACAT1;SETD7;EZH2
gsea,Insulin resistance,-0.26565783256771636,-1.1668947738670645,0.18471337579617833,0.26240017277859806,1.0,26/95,24.66%,PRKCE;PTPA;RPS6KB1;PPP1CA;MLX;PPP1R3C;AGT;SLC27A1;AKT1;RPS6KB2;PRKAG2;CRTC2;NFKB1;MAPK8;PPARA;TNFRSF1A;CREB3L1;PPP1CB;MTOR;PRKCD;MAPK10;TRIB3;PCK2;MAPK9;PIK3R3;IKBKB
gsea,Linoleic acid metabolism,-0.3759605718136561,-1.1616712928304094,0.2505694760820046,0.2680176152789055,1.0,4/18,19.27%,CYP2J6;CYP2J9;CYP2C66;CYP2C55
gsea,Notch signaling pathway,-0.3051353379850834,-1.1574549686371072,0.24946236559139784,0.2726864350813283,1.0,25/48,35.79%,MAML2;DVL1;KAT2B;HDAC1;HES1;CTBP2;APH1C;CTBP1;APH1B;CIR1;MAML3;CREBBP;JAG2;PSENEN;HES5;HDAC2;NOTCH2;SNW1;APH1A;NOTCH4;KAT2A;DTX3;NOTCH1;DLL1;DVL2
gsea,Fat digestion and absorption,-0.35938605095625076,-1.1478935081217556,0.259958071278826,0.28408533656884305,1.0,2/19,4.87%,PLPP3;ABCA1
gsea,Melanoma,-0.2761334407336959,-1.1460833272708992,0.22899159663865545,0.28526531811632666,1.0,13/62,16.90%,BRAF;IGF1R;CDK4;MITF;AKT1;GADD45G;MAPK1;RB1;BAK1;MAPK3;FGFR1;PDGFRA;CCND1
gsea,MicroRNAs in cancer,-0.24572774780065795,-1.1369815704059245,0.20168067226890757,0.29674280491552685,1.0,49/132,33.39%,STMN1;MMP16;PRKCE;MARCKS;HNRNPK;TPM1;EZR;SOS1;BMI1;ROCK1;KIF23;NFKB1;CDKN1B;CCNG1;BAK1;TGFB2;CASP3;GLS;PDGFRA;CCND1;CREBBP;FZD3;MTOR;UBE2I;PIM1;VEGFA;HRAS;FGFR3;TIMP3;DICER1;IKBKB;BCL2L2;TNR;GLS2;PDCD4;NOTCH2;GRB2;DDIT4;HMOX1;E2F3;BMPR2;IRS2;SPRY2;EZH2;PDGFA;ZEB1;ZFPM2;ATM;NOTCH4
gsea,"Alanine, aspartate and glutamate metabolism",-0.3182356851630944,-1.1348145681164805,0.2730844793713163,0.2982715300422133,1.0,14/32,35.53%,GLUL;GAD1;GAD2;DDO;GLS;NAT8L;GOT1;GOT2;GLUD1;GLS2;GFPT1;FOLH1;ABAT;ASPA
gsea,Endometrial cancer,-0.28173273201036386,-1.1211515623638666,0.2795918367346939,0.31661632147415036,1.0,19/56,28.85%,BRAF;SOS1;AKT1;GADD45G;MAPK1;ELK1;BAK1;MAPK3;CCND1;CTNNB1;HRAS;PIK3R3;TCF7L2;CASP9;GRB2;TCF7;BAD;PIK3CB;AXIN2
gsea,Osteoclast differentiation,-0.2648629933593879,-1.1167847368982688,0.25103734439834025,0.3211771598958952,1.0,30/104,25.48%,PPP3CA;PPP3CB;PPP3R1;JUND;MAP2K7;JUN;MAP2K6;MITF;RAC1;AKT1;MAPK1;NFKB1;TGFB2;MAPK3;MAPK8;TNFRSF1A;SQSTM1;CHUK;IL1R1;IKBKG;MAPK10;TYK2;JUNB;MAPK9;PIK3R3;IKBKB;CSF1;NFATC1;MAPK11;CYBA
gsea,Neuroactive ligand-receptor interaction,-0.2182832107950187,-1.1035142045468636,0.22636103151862463,0.33987267300880686,1.0,36/210,16.51%,GRIA2;GRIN1;S1PR1;GRM1;NTSR2;CCK;CALCRL;GRIA3;SST;ADRB3;HTR2A;GABRA3;GABRG2;AGT;GABRA1;NTS;NPY2R;F2RL2;GABRB3;GRM2;SSTR1;GLRB;GABBR2;GABRA4;PTGER4;THRA;GABRB2;ADORA1;CHRM1;P2RY14;GRIN2C;SSTR4;TACR1;GPR156;ADRA2A;GABRA5
gsea,Glycosphingolipid biosynthesis,0.30293009346137834,1.1001448109840033,0.32608695652173914,0.9636902739074287,1.0,6/38,4.83%,HEXB;ST8SIA5;GCNT2;GLB1;SEC1;B3GALNT1
gsea,"Glycine, serine and threonine metabolism",-0.29571670830922103,-1.0968328236573446,0.3041575492341357,0.3489620548132577,1.0,23/35,45.48%,PGAM1;PSPH;AMT;MAOB;GATM;GRHPR;GLDC;PHGDH;AOC2;CBS;GCAT;GCSH;BPGM;PIPOX;CHDH;GNMT;SRR;SDSL;MAOA;SARDH;CTH;DLD;PGAM2
gsea,Terpenoid backbone biosynthesis,0.3457397786470431,1.0968066992467362,0.3278008298755187,0.8687676053678909,1.0,6/20,9.63%,HMGCR;ACAT2;PMVK;DHDDS;FNTB;MVD
gsea,Glycerolipid metabolism,-0.27169495190193016,-1.0890881510491253,0.33471933471933474,0.35956419377082083,1.0,3/52,1.88%,DGKH;PLPP3;DGKI
gsea,Propanoate metabolism,-0.3143424481745665,-1.062143135013625,0.37339055793991416,0.4023905066437485,1.0,14/29,35.14%,LDHB;ALDH6A1;ACACA;ACSS3;PCCA;HADHA;PCCB;SUCLA2;MCEE;DBT;ACAT1;SUCLG1;ACSS1;ABAT
gsea,Purine metabolism,-0.22934392721110988,-1.0566560534312006,0.35908141962421714,0.410243889824464,1.0,42/118,29.95%,PDE10A;ADCY9;ADK;AMPD2;NT5C;GUK1;GMPS;HPRT;ADCY1;GUCY2F;NME1;PDE7B;IMPDH1;GDA;PKM;GMPR2;PNP;ADCY2;PDE3B;ENTPD5;PRPS1L3;PDE1B;ADCY5;GUCY1B2;NME4;GUCY1A2;PDE7A;NME7;NME2;PRPS1;AK2;RRM2B;NME6;ENPP4;ADCY6;NUDT5;PGM1;ATIC;UOX;GUCY2E;PDE8A;NT5E
gsea,Gastric cancer,-0.2284263253935752,-1.0559235078476166,0.31026785714285715,0.40982295602494256,1.0,26/123,18.80%,BRAF;TGFB3;SOS1;FZD2;DVL1;RPS6KB1;SMAD4;AKT1;RPS6KB2;GADD45G;WNT7B;MAPK1;CDKN1B;SMAD3;RB1;BAK1;TGFB2;MAPK3;CSNK1A1;LRP6;FZD1;CCND1;CTNNB1;FZD3;WNT4;MTOR
gsea,Fructose and mannose metabolism,-0.2986986148845633,-1.0548812096362365,0.3613963039014374,0.4098964560711341,1.0,3/28,7.17%,ALDOA;ALDOC;TPI1
gsea,Fanconi anemia pathway,-0.2709208665570041,-1.054515586126089,0.3681917211328976,0.40859141578827635,1.0,15/49,34.86%,ATR;HES1;RPA3;BLM;USP1;FANCA;FANCE;REV3L;REV1;FAAP24;FANCM;RMI2;EME2;SLX1B;PMS2
gsea,RIG-I-like receptor signaling pathway,-0.27290756981711095,-1.0509193872200808,0.372960372960373,0.41295836054087276,1.0,22/44,38.29%,AZI2;SIKE1;NFKB1;MAPK8;CHUK;IKBKG;MAPK10;IKBKE;MAPK9;ATG12;IKBKB;MAPK11;PIN1;ISG15;TRAF6;FADD;NLRX1;CYLD;TANK;OTUD5;TBK1;TRADD
gsea,Glycosaminoglycan biosynthesis,-0.2747264268483126,-1.0489517085025801,0.36738703339882123,0.41471060428746026,1.0,7/49,9.98%,NDST4;CHPF;CHST1;B3GNT2;HS3ST1;FUT8;XYLT1
gsea,p53 signaling pathway,-0.25239073651843064,-1.0454735111673166,0.3696682464454976,0.4192002179072269,1.0,19/62,26.43%,CYCS;ATR;CDK4;RPRM;GADD45G;SIAH1A;GORAB;EI24;CCNG1;BCL2L1;CASP3;CCND1;COP1;ZMAT3;RRM2B;APAF1;CCNG2;CASP9;BBC3
gsea,Leishmaniasis,-0.2760312031146014,-1.0404716719345897,0.35585585585585583,0.4263134553510492,1.0,10/46,16.89%,TGFB3;IRAK1;JUN;MARCKSL1;MAPK1;NFKB1;ELK1;TGFB2;MAPK3;ITGA4
gsea,Nicotinate and nicotinamide metabolism,-0.2971635993419229,-1.0385793973396316,0.38146551724137934,0.4280170875357044,1.0,8/28,22.10%,CD38;NT5C;NUDT12;NADK2;AOX1;PNP;AOX3;NNT
gsea,Mismatch repair,-0.30907438610202653,-1.0186966286870085,0.4043010752688172,0.4624229681819921,1.0,10/22,40.97%,PCNA;RPA3;POLD3;MSH2;RFC1;SSBP1;RFC5;PMS2;POLD4;MSH6
gsea,Inflammatory bowel disease (IBD),-0.2992258105131518,-1.01332536451058,0.43312101910828027,0.4700124505211213,1.0,5/27,13.97%,TGFB3;JUN;NFKB1;SMAD3;TGFB2
gsea,Basal cell carcinoma,-0.25643112716452127,-1.0115891465273799,0.4253393665158371,0.47115700071441974,1.0,23/52,35.79%,GLI3;FZD2;DVL1;PTCH1;GADD45G;WNT7B;GLI2;BAK1;FZD1;CTNNB1;FZD3;WNT4;TCF7L2;TCF7;AXIN2;SMO;FZD4;BMP2;WNT5A;GADD45A;FZD6;TCF7L1;DVL2
gsea,Steroid hormone biosynthesis,-0.3147704237381539,-1.009365801141425,0.42543859649122806,0.47343933733864535,1.0,6/21,24.64%,CYP7B1;COMT;CYP2C66;CYP2D22;CYP2C55;HSD17B7
gsea,JAK-STAT signaling pathway,0.2322650614925083,1.004869312671206,0.4203935599284436,1.0,1.0,27/106,15.83%,PRLR;AOX4;LEPR;SOCS2;IL20RB;IL10RA;MPL;PTPN2;EP300;CCND2;CDKN1A;IL23A;IL17D;CSF3R;STAT4;IL6RA;GHR;EGF;CRLF2;IL11RA1;IL10RB;CSF2RB2;IFNAR1;IL13RA1;BCL2;IL4;RAF1
gsea,Fc epsilon RI signaling pathway,-0.2568920332572229,-1.0020511078945253,0.42244897959183675,0.48492758019261395,1.0,16/56,28.31%,MAP2K7;SOS1;MAP2K6;RAC1;AKT1;MAPK1;MAPK3;MAPK8;MAPK10;VAV3;HRAS;MAPK9;PIK3R3;MAPK11;GRB2;PIK3CB
gsea,Amino sugar and nucleotide sugar metabolism,0.2599796246190632,0.9957057885409402,0.46169354838709675,1.0,1.0,9/45,11.65%,HEXB;HKDC1;HK1;GMPPB;CYB5RL;GPI1;PMM2;UGDH;GALE
gsea,Base excision repair,-0.27093223121328,-0.98725512976513,0.4660831509846827,0.5117312504739516,1.0,7/32,18.31%,PCNA;OGG1;FEN1;HMGB1;POLD3;MBD4;PARP2
gsea,Type I diabetes mellitus,-0.3094629316489388,-0.9783311596903754,0.4896073903002309,0.5274706280741482,1.0,9/20,29.99%,CPE;HSPD1;GAD1;GAD2;H2-T23;H2-T22;H2-D1;H2-T24;H2-DMA
gsea,Adipocytokine signaling pathway,-0.24140280831855956,-0.9755859763950006,0.46502057613168724,0.5308883667781803,1.0,18/59,24.66%,ACSL3;AKT1;PRKAG2;NFKB1;ACSBG1;ACSL1;MAPK8;PPARA;TNFRSF1A;ACSL4;CHUK;MTOR;IKBKG;MAPK10;ACSL6;PCK2;MAPK9;IKBKB
gsea,Intestinal immune network for IgA production,0.32765406369348976,0.9746390603275935,0.4822064056939502,1.0,1.0,6/19,17.06%,CCL25;CD86;TNFRSF13B;CXCR4;IL4;ICOSL
gsea,Homologous recombination,-0.25861084289010955,-0.9665780821183956,0.5282608695652173,0.5462965663541989,1.0,17/39,40.54%,SEM1;RPA3;BLM;BRCC3;POLD3;RAD52;TOPBP1;BABAM2;RAD54L;SSBP1;ATM;RAD51D;BRCA2;MRE11A;POLD4;UIMC1;RAD50
gsea,Complement and coagulation cascades,-0.24986943975648257,-0.929398276917962,0.5483870967741935,0.623016413650452,1.0,9/41,24.62%,CLU;F3;SERPING1;F2RL2;VTN;MASP1;SERPIND1;CR2;CD55
gsea,Non-small cell lung cancer,-0.2244708252306429,-0.9264246195846102,0.6024844720496895,0.6264736200135469,1.0,18/65,28.40%,BRAF;SOS1;CDK4;AKT1;GADD45G;MAPK1;TGFA;RB1;BAK1;MAPK3;CCND1;HRAS;PIK3R3;CASP9;GRB2;BAD;PIK3CB;E2F3
gsea,Regulation of lipolysis in adipocytes,-0.23998925287369255,-0.9247722334819424,0.5896328293736501,0.6273597671149729,1.0,11/46,19.90%,ADCY9;ADRB3;ADCY1;PRKACB;AKT1;GNAS;ADORA1;ADCY2;PDE3B;ADCY5;NPPA
gsea,AMPK signaling pathway,-0.2046468927749181,-0.9118790524467751,0.6392785571142284,0.6509709396763937,1.0,20/110,18.80%,SCD2;PPP2R1A;STRADA;IGF1R;RPS6KB1;RAB14;RAB2A;AKT1;CAB39;RPS6KB2;PRKAG2;SCD1;CRTC2;CCNA1;ACACA;EEF2;CCND1;PFKM;CREB3L1;MTOR
gsea,Cell adhesion molecules (CAMs),0.21387403791448267,0.9044508082733964,0.6411657559198543,1.0,1.0,17/86,10.63%,NLGN1;PVR;CADM1;NRXN1;CLDN16;NECTIN3;JAM3;L1CAM;LRRC4C;ALCAM;VSIR;CADM3;CD86;H2-T10;ITGAM;ICAM1;SELPLG
gsea,beta-Alanine metabolism,-0.2596314519207418,-0.9014866181835696,0.6301652892561983,0.6698329754833354,1.0,5/27,18.69%,ALDH6A1;GAD1;GAD2;SMS;HADHA
gsea,Circadian rhythm,0.2768294406483157,0.8965780328031407,0.6016949152542372,1.0,1.0,8/27,13.36%,NPAS2;PRKAA1;ARNTL;CSNK1D;CRY1;RORA;CRY2;PRKAB1
gsea,Pyrimidine metabolism,0.2251383875295833,0.8734851670559959,0.6789883268482491,1.0,1.0,10/48,11.07%,CMPK1;ENTPD1;UPP2;NUDT2;AK9;DCK;TK2;ENTPD6;TK1;NT5C2
gsea,Arginine biosynthesis,0.30699968073383904,0.8721420436275427,0.6089494163424124,1.0,1.0,4/15,8.18%,ARG2;ASL;GPT2;ASS1
gsea,Galactose metabolism,0.2526453065100004,0.8447531435114377,0.7142857142857143,1.0,1.0,4/27,5.19%,GLB1;HKDC1;HK1;MGAM
gsea,Fatty acid degradation,-0.23025674286164288,-0.837378430321797,0.7,0.7965925090366776,1.0,8/35,21.56%,ACSL3;ACSBG1;ACSL1;ACADVL;ACOX1;ACSL4;HADHA;ACSL6
gsea,African trypanosomiasis,-0.25957938033182054,-0.8343690053171723,0.7066974595842956,0.7987721467168565,1.0,2/21,4.02%,GNAQ;PLCB1
gsea,Primary immunodeficiency,0.28256457862261675,0.8280115260206652,0.7,1.0,1.0,4/17,13.61%,ZAP70;TNFRSF13B;LCK;ORAI1
gsea,Biosynthesis of unsaturated fatty acids,-0.23661369841122581,-0.8228044982200798,0.7317596566523605,0.8173842006935205,1.0,6/30,19.46%,SCD2;ACOT1;SCD1;ACOT3;ACOX1;TECR
gsea,Cytosolic DNA-sensing pathway,-0.22148233321801664,-0.8174888918951103,0.7577092511013216,0.8236843181072767,1.0,12/37,26.03%,POLR2E;NFKB1;POLR3F;POLR3K;CHUK;POLR3H;IKBKG;POLR3A;POLR2L;IKBKE;IKBKB;POLR3D
gsea,Folate biosynthesis,-0.2472636150984273,-0.7879859307322232,0.7991169977924945,0.8695934396393865,1.0,1/20,1.86%,GPHN
gsea,Prolactin signaling pathway,-0.19313809631086384,-0.7878960493078466,0.8033826638477801,0.8662241880144793,1.0,17/61,28.31%,SOS1;SOCS7;AKT1;MAPK1;NFKB1;MAPK3;MAPK8;CCND1;MAPK10;HRAS;MAPK9;PIK3R3;SOCS5;MAPK11;GCK;GRB2;PIK3CB
gsea,Retinol metabolism,-0.2174498319154759,-0.7315619642279525,0.8931818181818182,0.9357172714443456,1.0,7/27,21.49%,AOX1;CYP2C66;CYP26B1;AOX3;CYP2C55;RDH10;RDH5
gsea,Hematopoietic cell lineage,-0.18714159126854302,-0.7225791853877238,0.8992805755395683,0.9413120024659299,1.0,13/52,26.68%,CD38;GYPA;CD9;MME;ITGA4;IL1R1;IL5RA;CSF2RA;TFRC;CR2;CD55;CSF1;EPO
gsea,Porphyrin and chlorophyll metabolism,-0.21761569258853392,-0.7224475908996709,0.8520084566596194,0.9376401673691342,1.0,14/23,46.94%,CPOX;EPRS;MMAB;HMOX1;HCCS;UROS;FXN;PPOX;UROD;BLVRA;COX15;ALAD;FECH;COX10
gsea,"Valine, leucine and isoleucine degradation",0.18961553883988158,0.7171198071336686,0.9247967479674797,1.0,1.0,7/47,10.53%,AOX4;AACS;ALDH1B1;ACAT2;ALDH7A1;IL4I1;AUH
gsea,ABC transporters,0.19031230349974082,0.7126745456668232,0.9128113879003559,1.0,1.0,6/44,6.96%,ABCA8A;ABCC10;ABCA12;ABCA17;ABCB4;ABCA9
gsea,NF-kappa B signaling pathway,0.17893370033034095,0.7118144024245389,0.9441340782122905,1.0,1.0,18/70,18.57%,GADD45B;TAB1;PLCG2;TLR4;TRAF3;PRKCB;RELA;ZAP70;RELB;LYN;ICAM1;LCK;PLAU;TNFRSF11A;BCL2;RIPK1;TRAF2;CARD11
gsea,Autoimmune thyroid disease,0.2356764477214177,0.6831068220033131,0.9066427289048474,1.0,1.0,6/18,20.49%,CD86;H2-T10;TSHR;IL4;TG;CTLA4
gsea,Starch and sucrose metabolism,-0.19656530194694094,-0.6629623446480724,0.9221967963386728,0.9783326526702854,1.0,2/26,3.87%,PGM2L1;AMY1
gsea,Mucin type O-glycan biosynthesis,0.20249561261164792,0.652259126539681,0.9243353783231084,1.0,1.0,9/24,23.04%,GALNT11;GALNT14;GALNT7;GALNT10;GALNT4;C1GALT1;GALNTL6;GALNT2;GCNT4
gsea,Butanoate metabolism,-0.2151196623136769,-0.639990162954923,0.9206963249516441,0.9853781148100402,1.0,9/18,40.56%,GAD1;GAD2;HADHA;HMGCLL1;ACAT1;OXCT1;ABAT;L2HGDH;ACADS
gsea,Selenocompound metabolism,-0.21642105194432815,-0.6302332426206487,0.9420289855072463,0.9849072353945104,1.0,2/15,11.01%,MARS2;SEPHS2
gsea,Vitamin digestion and absorption,-0.1994361700016586,-0.622468774634493,0.9364035087719298,0.983617854765576,1.0,7/18,35.93%,LMBRD1;MMACHC;SLC5A6;APOA1;FOLH1;SLC46A1;SCARB1
gsea,Histidine metabolism,0.2072767439494466,0.6143159360756795,0.9539594843462247,1.0,1.0,2/17,5.43%,ALDH1B1;ALDH7A1
gsea,Fatty acid elongation,-0.1725380539963573,-0.5874347878797889,0.978448275862069,0.9886175779176462,1.0,5/27,21.96%,ACOT1;ACOT3;HADHA;TECR;PPT1
gsea,Pantothenate and CoA biosynthesis,0.19371772862307063,0.5648391384987533,0.9765166340508806,1.0,1.0,7/15,28.48%,PANK1;GADL1;ENPP3;BCAT2;PANK4;COASY;BCAT1
gsea,One carbon pool by folate,0.15961943824471944,0.49130743445324077,0.9943609022556391,0.9982532454292122,1.0,2/18,8.86%,SHMT1;MTHFR
