Name,Term,ES,nes,NOM p-val,fdr,FWER p-val,Tag %,Gene %,Lead_genes,Gene_Set,Direction
prerank,Ribosome,-0.8823807012488458,-1.545181122794913,0.0,0.0,0.0,71/126,6.48%,Rps27;Rpl22l1;Rpl17;Rpl38;Rpl27a;Rps6;Rps3a1;Rpl37a;Rps23;Rpl3;Rpl9;Rplp1;Rps27a;Rpl39;Rps8;Rpl4;Rps16;Rpl30;Rpl13;Rpl35;Rpl19;Rpl22;Rpl21;Rps10;Rps21;Rps27l;Rps25;Rpl37;Rpl35a;Rps29;Rps24;Fau;Rpl32;Rps4x;Rpl14;Rpl41;Rps28;Rpl26;Rpl5;Rpl15;Rpsa;Rps15a;Rpl24;Rpl23;Rps2;Rplp2;Mrpl36;Rpl36;Mrpl11;Rpl36al;Rpl11;Rps7;Rpl6;Rps15;Rpl13a;Mrps2;Rps3;Rpl12;Mrpl20;Rpl28;Rpl8;Rps20;Rps9;Rps19;Mrpl12;Rpl29;Rpl10a;Rps11;Rpl18a;Rpl23a;Rpl7a,KEGG_2019_Mouse,Down
prerank,Taste transduction,0.758772147729049,1.4894680710625143,0.08045977011494253,0.24143090315560392,0.443,4/28,1.99%,Adcy8;Pde1a;Chrm3;Gabra2,KEGG_2019_Mouse,Up
prerank,Alzheimer disease,-0.8212267398612553,-1.4593880910599393,0.0,0.07340946166394778,0.124,58/135,11.47%,Calm1;Ppp3r1;Uqcrb;Atp5e;Calm3;Cox7c;Ppp3ca;Apoe;Ndufa1;Cox6c;Ndufa4;Cox8a;Cdk5r1;Ndufa2;Calm2;Grin1;Cox5a;Ndufb8;Atp5d;Atp5a1;Gapdh;Uqcr11;Cycs;Cox6a1;Cox5b;Aph1a;Ndufa13;Atp5h;Cox7a2l;Atp5g3;Mapk1;Ndufb9;Atp5b;Atp5g2;Ndufs5;Ndufa5;Ppp3cb;Ndufb10;Uqcrh;Atp5o;Atp5g1;Cox7a2;Sdhd;Ndufc1;Uqcrq;Uqcrfs1;Mapk3;Rtn3;Ndufa3;Ndufab1;Ndufb3;Uqcrc2;Ndufb6;Ndufa7;Ndufs7;Lpl;Sdha;Cox7b,KEGG_2019_Mouse,Down
prerank,Oxidative phosphorylation,-0.8203453781719148,-1.4348436657831245,0.0,0.1101141924959217,0.254,53/103,11.47%,Uqcrb;Atp5e;Cox7c;Atp5k;Ndufa1;Cox6c;Ndufa4;Cox8a;Ndufa2;Atp6v1d;Cox5a;Ndufb8;Atp5d;Atp5a1;Uqcr11;Cox6a1;Atp6v1g2;Cox5b;Atp6v1g1;Ndufa13;Atp5h;Cox7a2l;Atp5g3;Atp6v1a;Atp6ap1;Ndufb9;Atp5b;Atp6v0c;Atp5g2;Ndufs5;Atp5l;Ndufa5;Atp6v1f;Ndufb10;Uqcrh;Atp6v1e1;Atp5o;Atp5g1;Cox7a2;Cox17;Sdhd;Ndufc1;Uqcrq;Uqcrfs1;Ndufa3;Ndufab1;Ndufb3;Uqcrc2;Ndufb6;Ndufa7;Ndufs7;Sdha;Cox7b,KEGG_2019_Mouse,Down
prerank,Mineral absorption,-0.8818904440314667,-1.4289512225918612,0.005494505494505495,0.09915375203915171,0.294,9/23,5.78%,Atp1a2;Atp1b1;Fth1;Mt2;Mt1;Atp1b2;Atp1a1;Atp2b1;Ftl1,KEGG_2019_Mouse,Down
prerank,Parkinson disease,-0.806761066314395,-1.4240473428087315,0.0,0.0938009787928222,0.332,49/106,11.47%,Uqcrb;Atp5e;Slc25a4;Cox7c;Ubb;Ndufa1;Cox6c;Ndufa4;Cox8a;Ndufa2;Slc25a5;Cox5a;Ndufb8;Atp5d;Atp5a1;Uqcr11;Gnal;Pink1;Cycs;Cox6a1;Cox5b;Ndufa13;Atp5h;Cox7a2l;Atp5g3;Ndufb9;Atp5b;Uchl1;Atp5g2;Ndufs5;Ndufa5;Ndufb10;Uqcrh;Atp5o;Atp5g1;Cox7a2;Sdhd;Ndufc1;Uqcrq;Uqcrfs1;Ndufa3;Ndufab1;Ndufb3;Uqcrc2;Ndufb6;Ndufa7;Ndufs7;Sdha;Cox7b,KEGG_2019_Mouse,Down
prerank,Pertussis,-0.8431927848183632,-1.3956547678274607,0.007534983853606028,0.17128874388254486,0.572,8/32,4.78%,Calm1;Calm3;Cfl1;Calm2;Irak1;Cfl2;Jun;Mapk1,KEGG_2019_Mouse,Down
prerank,Carbohydrate digestion and absorption,-0.8723416816634854,-1.3934939300986557,0.009944751381215469,0.1564320671172221,0.594,5/23,3.11%,Atp1a2;Atp1b1;Lct;Atp1b2;Atp1a1,KEGG_2019_Mouse,Down
prerank,Base excision repair,-0.8767678347763375,-1.3912470602535036,0.012235817575083427,0.14618168841761825,0.615,5/18,9.00%,Pcna;Hmgb1;Parp2;Tdg;Pole3,KEGG_2019_Mouse,Down
prerank,Amphetamine addiction,-0.8258530323622212,-1.3907567621920773,0.00423728813559322,0.1310721406561537,0.618,12/46,6.56%,Calm1;Ppp3r1;Calm3;Ppp3ca;Calm2;Gria2;Gnas;Grin1;Camk2b;Jun;Atf4;Ppp3cb,KEGG_2019_Mouse,Down
prerank,Synaptic vesicle cycle,-0.8216615261093483,-1.3789791887197103,0.0010515247108307045,0.154873572593801,0.7,16/60,9.65%,Cplx2;Slc1a3;Atp6v1d;Ap2m1;Vamp2;Atp6v1g2;Atp6v1g1;Atp6v1a;Atp6v0c;Ap2s1;Snap25;Atp6v1f;Slc1a2;Atp6v1e1;Stx1b;Rab3a,KEGG_2019_Mouse,Down
prerank,Endocrine and other factor-regulated calcium reabsorption,-0.8311515766353064,-1.361627885017555,0.013086150490730643,0.2129986652825152,0.841,8/33,6.35%,Atp1a2;Atp1b1;Gnas;Atp1b2;Atp1a1;Ap2m1;Atp2b1;Ap2s1,KEGG_2019_Mouse,Down
prerank,Protein digestion and absorption,-0.8326102182111546,-1.3591115692511169,0.02127659574468085,0.20459488852637303,0.856,6/30,3.96%,Atp1a2;Atp1b1;Col4a5;Atp1b2;Atp1a1;Slc38a2,KEGG_2019_Mouse,Down
prerank,Huntington disease,-0.7660758050395329,-1.3576848111815414,0.0010111223458038423,0.19403312837244324,0.861,53/153,11.47%,Uqcrb;Atp5e;Slc25a4;Cox7c;Ndufa1;Cox6c;Ndufa4;Cox8a;Ndufa2;Grin1;Slc25a5;Cox5a;Ndufb8;Atp5d;Polr2l;Atp5a1;Ap2m1;Uqcr11;Cycs;Cox6a1;Cox5b;Ndufa13;Atp5h;Cox7a2l;Atp5g3;Ndufb9;Atp5b;Atp5g2;Ndufs5;Ap2s1;Ndufa5;Ndufb10;Uqcrh;Atp5o;Dlg4;Atp5g1;Cox7a2;Sdhd;Ndufc1;Uqcrq;Gpx1;Uqcrfs1;Hdac2;Ndufa3;Ndufab1;Ndufb3;Uqcrc2;Ndufb6;Ndufa7;Sod1;Ndufs7;Sdha;Cox7b,KEGG_2019_Mouse,Down
prerank,Ferroptosis,-0.8244857335882306,-1.3480012231643703,0.016059957173447537,0.2202283849918434,0.897,10/35,6.24%,Fth1;Pcbp1;Prnp;Slc7a11;Gpx4;Acsl3;Sat2;Ftl1;Sat1;Pcbp2,KEGG_2019_Mouse,Down
prerank,Non-alcoholic fatty liver disease (NAFLD),-0.765848462227143,-1.340203348141068,0.003080082135523614,0.24136759108210987,0.926,37/115,11.47%,Uqcrb;Cox7c;Ndufa1;Cox6c;Ndufa4;Cox8a;Ndufa2;Cox5a;Ndufb8;Uqcr11;Cycs;Cox6a1;Cox5b;Jun;Ndufa13;Cox7a2l;Ndufb9;Atf4;Ndufs5;Ndufa5;Ndufb10;Uqcrh;Cox7a2;Pik3r1;Sdhd;Ndufc1;Uqcrq;Uqcrfs1;Ndufa3;Ndufab1;Ndufb3;Uqcrc2;Ndufb6;Ndufa7;Ndufs7;Sdha;Cox7b,KEGG_2019_Mouse,Down
prerank,Systemic lupus erythematosus,-0.8483305130434512,-1.3349673190462805,0.06053811659192825,0.24998725530179444,0.939,2/15,2.16%,H3f3b;Ssb,KEGG_2019_Mouse,Down
prerank,Collecting duct acid secretion,-0.8386328744371424,-1.3348862414233924,0.04560260586319218,0.23546204778812016,0.939,8/18,9.17%,Atp6v1d;Atp6v1g2;Atp6v1g1;Atp6v1a;Atp6v0c;Atp6v1f;Atp6v1e1;Car2,KEGG_2019_Mouse,Down
prerank,C-type lectin receptor signaling pathway,-0.7904526676547149,-1.3344434402636582,0.007276507276507277,0.22458990393329706,0.94,13/65,9.30%,Calm1;Ppp3r1;Calm3;Ppp3ca;Calm2;Egr3;Jun;Mapk1;Ksr1;Ppp3cb;Pik3r1;Ptgs2;Mapk3,KEGG_2019_Mouse,Down
prerank,Fluid shear stress and atherosclerosis,-0.7795013619288872,-1.3334515430795095,0.007223942208462332,0.216686700437881,0.942,21/81,9.63%,Hsp90aa1;Calm1;Calm3;Actg1;Actb;Calm2;Gstp1;Hsp90ab1;Gstm5;Il1r1;Mef2a;Jun;Hsp90b1;Arhgef2;Ctsl;Bmpr1b;Sqstm1;Nfe2l2;Pik3r1;Gstm1;Bmpr2,KEGG_2019_Mouse,Down
prerank,Aldosterone-regulated sodium reabsorption,-0.8347440840930651,-1.332369504660388,0.026519337016574586,0.2107463295269168,0.945,7/25,9.30%,Atp1a2;Atp1b1;Atp1b2;Atp1a1;Mapk1;Pik3r1;Mapk3,KEGG_2019_Mouse,Down
prerank,Cardiac muscle contraction,-0.7866995530283469,-1.328381048060795,0.01694915254237288,0.21707255495999378,0.956,21/52,11.47%,Atp1a2;Atp1b1;Uqcrb;Cox7c;Cox6c;Cox8a;Cox5a;Atp1b2;Atp1a1;Uqcr11;Cox6a1;Cox5b;Cox7a2l;Slc9a6;Uqcrh;Cox7a2;Uqcrq;Uqcrfs1;Uqcrc2;Tpm4;Cox7b,KEGG_2019_Mouse,Down
prerank,Chemical carcinogenesis,-0.8429025950805267,-1.3233521784878441,0.05094130675526024,0.22908015720005934,0.969,7/16,12.28%,Gstp1;Gstm5;Ptgs2;Gstm1;Cbr1;Gsta3;Gsto1,KEGG_2019_Mouse,Down
prerank,Th17 cell differentiation,-0.7899804341511969,-1.320667100781849,0.019169329073482427,0.2301138378608412,0.971,8/51,6.56%,Hsp90aa1;Ppp3r1;Ppp3ca;Hsp90ab1;Il1r1;Jun;Mapk1;Ppp3cb,KEGG_2019_Mouse,Down
prerank,Antigen processing and presentation,-0.8136082480277352,-1.3196856974185693,0.03896103896103896,0.22498640565524744,0.975,9/26,9.78%,Hsp90aa1;Hsp90ab1;Hspa8;Rfxap;Psme2;Ctsl;Ctsb;Hspa4;Psme1,KEGG_2019_Mouse,Down
prerank,Tuberculosis,-0.7649625907216792,-1.3168924129687483,0.011482254697286013,0.22712071778140294,0.978,20/91,9.76%,Calm1;Ppp3r1;Calm3;Ppp3ca;Cebpb;Calm2;Irak1;Camk2b;Hspa9;Cycs;Mapk1;Rfxap;Atp6ap1;Ksr1;Atp6v0c;Ppp3cb;Coro1a;Camk2a;Mapk3;Hspd1,KEGG_2019_Mouse,Down
prerank,Heterophilic Cell-Cell Adhesion Via Plasma Membrane Cell Adhesion Molecules (GO:0007157),0.9382541096134489,1.9261549543371395,0.0,0.013603973223925718,0.018,8/21,2.34%,Tenm2;Tenm4;Nlgn1;Ptprd;Cadm1;Alcam;Tenm3;Crb1,GO_Biological_Process_2023,Up
prerank,Cell-Cell Adhesion Via Plasma-Membrane Adhesion Molecules (GO:0098742),0.758595380523485,1.8084372275700271,0.0,0.15720146836536383,0.277,18/98,3.44%,Tenm2;Tenm4;Cdh10;Cdh13;Nlgn1;Ptprd;Cadm1;Cdh23;Cdh9;Kirrel3;Alcam;Tenm3;Crb1;Cntn4;Cdh2;Lrrc4c;Lrfn5;Robo1,GO_Biological_Process_2023,Up
prerank,Positive Regulation Of Filopodium Assembly (GO:0051491),0.8647273437404644,1.7899016930652065,0.031914893617021274,0.14133016627078387,0.355,2/21,0.32%,Tenm2;Nlgn1,GO_Biological_Process_2023,Up
prerank,Cytoplasmic Translation (GO:0002181),-0.8981944466647368,-1.5507144737094316,0.0,0.008158175365806755,0.008,64/89,6.48%,Rps27;Rpl22l1;Rpl17;Rpl38;Rpl27a;Rps6;Rpl37a;Rps23;Rpl3;Rpl9;Rplp1;Rps27a;Rpl39;Rps8;Rpl4;Rps16;Rpl30;Eif4a2;Rpl13;Rpl35;Rpl19;Rpl22;Rpl21;Rps10;Rps21;Rps25;Rpl37;Rpl35a;Rps29;Rps24;Fau;Rpl32;Rps4x;Rpl14;Rpl41;Rps28;Rpl26;Rpl5;Rpl15;Rpsa;Rps15a;Rpl24;Rps2;Rplp2;Rpl36;Rpl36al;Rpl11;Rps7;Rpl6;Rps15;Rpl13a;Rps3;Rpl12;Rpl28;Rpl8;Rps20;Rps9;Rps19;Rpl29;Rpl10a;Rps11;Rpl18a;Rpl23a;Rpl7a,GO_Biological_Process_2023,Down
prerank,Macromolecule Biosynthetic Process (GO:0009059),-0.8663196285089697,-1.5361418902902295,0.0,0.009687833246895521,0.018,72/163,6.58%,Rps27;Rpl17;Rpl38;Rpl27a;Eef1a1;Rps6;Rpl37a;Rps23;Rpl3;B4gat1;Rpl9;Rplp1;Rps27a;Rpl39;Apoe;Rps8;Rpl4;Rps16;Rpl30;Rpl13;Rpl35;Rpl19;Rpl22;Rpl21;Rps10;Rps21;Rps25;Rpl37;Rpl35a;Rps29;Rps24;Fau;Rpl32;Rps4x;Rpl14;Rpl41;Rps28;Rpl26;Rpl5;Rpl15;Rpsa;Mrpl52;Rps15a;Rpl24;Rps2;Rplp2;Mrpl36;Rpl36;Mrpl11;Rpl36al;Rpl11;Rps7;Rpl6;Rps15;Rpl13a;Rps3;Rpl12;Eif5a;Rpl28;Rpl8;Rps20;Rps9;Rps19;Mrpl12;Rpl29;Rpl10a;Rps11;Rpl18a;Rpl23a;Rpl7a;Rrbp1;Eif4g2,GO_Biological_Process_2023,Down
prerank,Regulation Of Bone Resorption (GO:0045124),-0.9591712971435367,-1.5285027813075562,0.0,0.01597642675803823,0.045,2/17,1.14%,S1pr1;Ubash3b,GO_Biological_Process_2023,Down
prerank,Peptide Biosynthetic Process (GO:0043043),-0.8606847771825747,-1.5160439849021519,0.0,0.035692017225404556,0.12,68/137,6.53%,Rps27;Rpl17;Rpl38;Rpl27a;Eef1a1;Rps6;Rpl37a;Rps23;Rpl3;Rpl9;Rplp1;Rps27a;Rpl39;Rps8;Rpl4;Rps16;Rpl30;Rpl13;Rpl35;Rpl19;Rpl22;Rpl21;Rps10;Rps21;Rps25;Rpl37;Rpl35a;Rps29;Rps24;Fau;Rpl32;Rps4x;Rpl14;Rpl41;Rps28;Rpl26;Rpl5;Rpl15;Rpsa;Mrpl52;Rps15a;Rpl24;Rps2;Rplp2;Mrpl36;Rpl36;Mrpl11;Rpl36al;Rpl11;Rps7;Rpl6;Rps15;Rpl13a;Rps3;Rpl12;Rpl28;Rpl8;Rps20;Rps9;Rps19;Mrpl12;Rpl29;Rpl10a;Rps11;Rpl18a;Rpl23a;Rpl7a;Rrbp1,GO_Biological_Process_2023,Down
prerank,Translation (GO:0006412),-0.8417538741547612,-1.503934409763132,0.0,0.061798178395986184,0.232,77/211,7.12%,Rps27;Rpl22l1;Rpl17;Rpl38;Rpl27a;Eef1a1;Rps6;Rpl37a;Rps23;Rpl3;Rpl9;Rplp1;Rps27a;Rpl39;Rps8;Rpl4;Rps16;Rpl30;Rpl13;Rpl35;Rpl19;Rpl22;Rpl21;Rps10;Rps21;Rps25;Rpl37;Rpl35a;Rps29;Rps24;Fau;Rpl32;Rps4x;Rpl14;Rpl41;Rps28;Rpl26;Rpl5;Rpl15;Rpsa;Mrpl52;Rps15a;Rpl24;Rps2;Rplp2;Mrpl36;Rpl36;Aurkaip1;Mrpl11;Rpl36al;Rpl11;Mrps34;Rps7;Rpl6;Rps15;Rpl13a;Mrps2;Rps3;Rpl12;Eif5a;Mrpl20;Rpl28;Rpl8;Rps20;Lars2;Rps9;Rps19;Mrpl12;Rpl29;Rpl10a;Rps11;Rpl18a;Rpl23a;Rpl7a;Rrbp1;Mrpl47;Mrpl49,GO_Biological_Process_2023,Down
prerank,Regulation Of Striated Muscle Contraction (GO:0006942),-0.940575072076357,-1.4898502732961767,0.0022396416573348264,0.1001076102179204,0.378,4/15,1.55%,Calm1;Atp1a2;Calm3;Calm2,GO_Biological_Process_2023,Down
prerank,Positive Regulation Of Peptidyl-Threonine Phosphorylation (GO:0010800),-0.9332206352671033,-1.475606757467524,0.002232142857142857,0.1654944145635085,0.582,4/15,4.78%,Calm1;Calm3;Calm2;Mapk1,GO_Biological_Process_2023,Down
prerank,Gene Expression (GO:0010467),-0.8174575654255265,-1.4663407362560918,0.0,0.21504440378306244,0.709,79/256,6.79%,Rps27;Rpl17;Rpl38;Rpl27a;Eef1a1;Rps6;Rpl37a;Rps23;Rpl3;Rpl9;Rplp1;Rps27a;Rpl39;Rps8;Hnrnpa2b1;Rpl4;Rps16;Rpl30;Rpl13;Pabpn1;Rpl35;Rpl19;Rpl22;Rpl21;Rps10;Rps21;Rps25;Rpl37;Rpl35a;Rps29;Rps24;Fau;Rpl32;Rps4x;Rpl14;Rbm8a;Rpl41;Rps28;Rpl26;Rpl5;Rpl15;Rpsa;Mrpl52;Hnrnpk;Hnrnph1;Rps15a;Rpl24;Rbm39;Rps2;Rplp2;Mrpl36;Rpl36;Dnajb11;Mrpl11;Rpl36al;Rpl11;Rps7;Rpl6;Rps15;Rpl13a;Rps3;Rpl12;Rpl28;Rpl8;Rps20;Rps9;Rps19;Hnrnpd;Mrpl12;Rpl29;Rpl10a;Rps11;Hnrnpu;Tpr;Rpl18a;Rpl23a;Rpl7a;Rrbp1;Upf2,GO_Biological_Process_2023,Down
prerank,Influenza Infection R-HSA-168255,-0.8898123488723253,-1.5794210279398284,0.0,0.0,0.0,67/138,6.48%,Hsp90aa1;Rps27;Rpl22l1;Rpl38;Rpl27a;Rps6;Rpl37a;Rps23;Rpl3;Rpl9;Rplp1;Rps27a;Rpl39;Rps8;Rpl4;Rps16;Rpl30;Pabpn1;Rpl35;Ran;Rpl19;Rpl22;Rpl21;Rps10;Rps21;Rps27l;Rps25;Rpl37;Rpl35a;Rps29;Rps24;Fau;Rpl32;Rps4x;Rpl14;Rpl41;Rps28;Rpl26;Rpl5;Rpl15;Rpsa;Rps15a;Polr2l;Rpl23;Rps2;Rplp2;Rpl36;Rpl36al;Rpl11;Rps7;Rpl6;Rps15;Rpl13a;Rps3;Rpl12;Rpl28;Rpl8;Rps20;Rps9;Rps19;Rpl29;Rpl10a;Rps11;Tpr;Rpl18a;Rpl23a;Rpl7a,Reactome_2022,Down
prerank,Influenza Viral RNA Transcription And Replication R-HSA-168273,-0.89163728144322,-1.5733414531852925,0.0,0.0,0.0,65/126,6.48%,Hsp90aa1;Rps27;Rpl22l1;Rpl38;Rpl27a;Rps6;Rpl37a;Rps23;Rpl3;Rpl9;Rplp1;Rps27a;Rpl39;Rps8;Rpl4;Rps16;Rpl30;Rpl35;Rpl19;Rpl22;Rpl21;Rps10;Rps21;Rps27l;Rps25;Rpl37;Rpl35a;Rps29;Rps24;Fau;Rpl32;Rps4x;Rpl14;Rpl41;Rps28;Rpl26;Rpl5;Rpl15;Rpsa;Rps15a;Polr2l;Rpl23;Rps2;Rplp2;Rpl36;Rpl36al;Rpl11;Rps7;Rpl6;Rps15;Rpl13a;Rps3;Rpl12;Rpl28;Rpl8;Rps20;Rps9;Rps19;Rpl29;Rpl10a;Rps11;Tpr;Rpl18a;Rpl23a;Rpl7a,Reactome_2022,Down
prerank,Peptide Chain Elongation R-HSA-156902,-0.9101362875473357,-1.5697422547165598,0.0,0.0,0.0,63/79,6.48%,Rps27;Rpl22l1;Rpl38;Rpl27a;Eef1a1;Rps6;Rpl37a;Rps23;Rpl3;Rpl9;Rplp1;Rps27a;Rpl39;Rps8;Rpl4;Rps16;Rpl30;Rpl35;Rpl19;Rpl22;Rpl21;Rps10;Rps21;Rps27l;Rps25;Rpl37;Rpl35a;Rps29;Rps24;Fau;Rpl32;Rps4x;Rpl14;Rpl41;Rps28;Rpl26;Rpl5;Rpl15;Rpsa;Rps15a;Rpl23;Rps2;Rplp2;Rpl36;Rpl36al;Rpl11;Rps7;Rpl6;Rps15;Rpl13a;Rps3;Rpl12;Rpl28;Rpl8;Rps20;Rps9;Rps19;Rpl29;Rpl10a;Rps11;Rpl18a;Rpl23a;Rpl7a,Reactome_2022,Down
prerank,Response Of EIF2AK4 (GCN2) To Amino Acid Deficiency R-HSA-9633012,-0.905726933035382,-1.569193990686515,0.0,0.0,0.0,64/87,6.48%,Rps27;Rpl22l1;Rpl38;Rpl27a;Rps6;Rpl37a;Rps23;Rpl3;Rpl9;Rplp1;Rps27a;Rpl39;Rps8;Rpl4;Rps16;Rpl30;Rpl35;Rpl19;Rpl22;Cebpb;Rpl21;Rps10;Rps21;Rps27l;Rps25;Rpl37;Rpl35a;Rps29;Rps24;Fau;Rpl32;Rps4x;Rpl14;Rpl41;Rps28;Rpl26;Rpl5;Rpl15;Rpsa;Rps15a;Rpl23;Rps2;Rplp2;Rpl36;Rpl36al;Rpl11;Rps7;Rpl6;Rps15;Rpl13a;Rps3;Rpl12;Rpl28;Rpl8;Rps20;Rps9;Rps19;Rpl29;Rpl10a;Rps11;Atf4;Rpl18a;Rpl23a;Rpl7a,Reactome_2022,Down
prerank,Eukaryotic Translation Elongation R-HSA-156842,-0.9041835153122145,-1.5653989371392196,0.0,0.00020755129085812387,0.001,63/83,6.48%,Rps27;Rpl22l1;Rpl38;Rpl27a;Eef1a1;Rps6;Rpl37a;Rps23;Rpl3;Rpl9;Rplp1;Rps27a;Rpl39;Rps8;Rpl4;Rps16;Rpl30;Rpl35;Rpl19;Rpl22;Rpl21;Rps10;Rps21;Rps27l;Rps25;Rpl37;Rpl35a;Rps29;Rps24;Fau;Rpl32;Rps4x;Rpl14;Rpl41;Rps28;Rpl26;Rpl5;Rpl15;Rpsa;Rps15a;Rpl23;Rps2;Rplp2;Rpl36;Rpl36al;Rpl11;Rps7;Rpl6;Rps15;Rpl13a;Rps3;Rpl12;Rpl28;Rpl8;Rps20;Rps9;Rps19;Rpl29;Rpl10a;Rps11;Rpl18a;Rpl23a;Rpl7a,Reactome_2022,Down
prerank,Eukaryotic Translation Termination R-HSA-72764,-0.9081833307035814,-1.564689838765945,0.0,0.00017295940904843657,0.001,63/82,6.48%,Rps27;Rpl22l1;Rpl38;Rpl27a;Rps6;Rpl37a;Rps23;Rpl3;Rpl9;Rplp1;Rps27a;Rpl39;Rps8;Rpl4;Rps16;Rpl30;Rpl35;Rpl19;Rpl22;Rpl21;Rps10;Rps21;Rps27l;Rps25;Rpl37;Rpl35a;Rps29;Rps24;Fau;Rpl32;Rps4x;Rpl14;Rpl41;Rps28;Rpl26;Rpl5;Rpl15;Rpsa;Rps15a;Rpl23;Rps2;Rplp2;Rpl36;Rpl36al;Rpl11;Rps7;Rpl6;Rps15;Rpl13a;Rps3;Rpl12;Rpl28;Rpl8;Rps20;Rps9;Rps19;Rpl29;Rpl10a;Rps11;Trmt112;Rpl18a;Rpl23a;Rpl7a,Reactome_2022,Down
prerank,Nonsense Mediated Decay (NMD) Independent Of Exon Junction Complex (EJC) R-HSA-975956,-0.9079105877174763,-1.5640695130691686,0.0,0.00014825092204151706,0.001,63/85,6.48%,Rps27;Rpl22l1;Rpl38;Rpl27a;Rps6;Rpl37a;Rps23;Rpl3;Rpl9;Rplp1;Rps27a;Rpl39;Rps8;Rpl4;Rps16;Rpl30;Rpl35;Rpl19;Rpl22;Rpl21;Rps10;Rps21;Rps27l;Rps25;Rpl37;Rpl35a;Rps29;Rps24;Fau;Rpl32;Rps4x;Rpl14;Rpl41;Rps28;Rpl26;Pabpc1;Rpl5;Rpl15;Rpsa;Rps15a;Rpl23;Rps2;Rplp2;Rpl36;Rpl36al;Rpl11;Rps7;Rpl6;Rps15;Rpl13a;Rps3;Rpl12;Rpl28;Rpl8;Rps20;Rps9;Rps19;Rpl29;Rpl10a;Rps11;Rpl18a;Rpl23a;Rpl7a,Reactome_2022,Down
prerank,Cellular Response To Starvation R-HSA-9711097,-0.8853127014615814,-1.5627605377170863,0.0,0.00012971955678632742,0.001,73/136,7.00%,Rps27;Rpl22l1;Rpl38;Rpl27a;Rps6;Rpl37a;Rps23;Rpl3;Rpl9;Rplp1;Rps27a;Rpl39;Rps8;Rpl4;Rps16;Rpl30;Rpl35;Rpl19;Rpl22;Cebpb;Rpl21;Rps10;Rps21;Rps27l;Rps25;Rpl37;Rpl35a;Rps29;Rps24;Fau;Rpl32;Rps4x;Rpl14;Rpl41;Atp6v1d;Rps28;Rpl26;Rpl5;Rpl15;Rpsa;Rps15a;Rpl23;Rps2;Rplp2;Rpl36;Rpl36al;Atp6v1g2;Rpl11;Rps7;Rpl6;Rps15;Rpl13a;Atp6v1g1;Rps3;Rpl12;Fnip2;Rpl28;Rpl8;Rps20;Rps9;Rps19;Atp6v1a;Rpl29;Rpl10a;Rps11;Atf4;Rraga;Atp6v0c;Rpl18a;Rpl23a;Rpl7a;Atp6v1f;Atp6v1e1,Reactome_2022,Down
prerank,Nonsense Mediated Decay (NMD) Enhanced By Exon Junction Complex (EJC) R-HSA-975957,-0.8975131763532421,-1.560131368476741,0.0,0.0001153062726989577,0.001,66/105,6.79%,Rps27;Rpl22l1;Rpl38;Rpl27a;Rps6;Rpl37a;Rps23;Rpl3;Rpl9;Rplp1;Rps27a;Rpl39;Rps8;Rpl4;Rps16;Rpl30;Rpl35;Rpl19;Rpl22;Rpl21;Rps10;Rps21;Rps27l;Rps25;Rpl37;Rpl35a;Rps29;Rps24;Fau;Rpl32;Rps4x;Rpl14;Rbm8a;Rpl41;Rps28;Rpl26;Pabpc1;Rpl5;Rpl15;Rpsa;Rps15a;Rpl23;Rps2;Rplp2;Rpl36;Rpl36al;Rpl11;Rps7;Rpl6;Rps15;Rpl13a;Rps3;Rpl12;Rpl28;Rpl8;Rps20;Rps9;Rps19;Rpl29;Rpl10a;Rps11;Rpl18a;Pnrc2;Rpl23a;Rpl7a;Upf2,Reactome_2022,Down
prerank,Viral mRNA Translation R-HSA-192823,-0.9034892152249222,-1.5598569988722817,0.0,0.00010377564542906194,0.001,62/83,6.48%,Rps27;Rpl22l1;Rpl38;Rpl27a;Rps6;Rpl37a;Rps23;Rpl3;Rpl9;Rplp1;Rps27a;Rpl39;Rps8;Rpl4;Rps16;Rpl30;Rpl35;Rpl19;Rpl22;Rpl21;Rps10;Rps21;Rps27l;Rps25;Rpl37;Rpl35a;Rps29;Rps24;Fau;Rpl32;Rps4x;Rpl14;Rpl41;Rps28;Rpl26;Rpl5;Rpl15;Rpsa;Rps15a;Rpl23;Rps2;Rplp2;Rpl36;Rpl36al;Rpl11;Rps7;Rpl6;Rps15;Rpl13a;Rps3;Rpl12;Rpl28;Rpl8;Rps20;Rps9;Rps19;Rpl29;Rpl10a;Rps11;Rpl18a;Rpl23a;Rpl7a,Reactome_2022,Down
prerank,Selenoamino Acid Metabolism R-HSA-2408522,-0.8939180357617355,-1.5529388933180046,0.0,0.00018868299168920354,0.002,62/92,6.48%,Rps27;Rpl22l1;Rpl38;Rpl27a;Rps6;Rpl37a;Rps23;Rpl3;Rpl9;Rplp1;Rps27a;Rpl39;Rps8;Rpl4;Rps16;Rpl30;Rpl35;Rpl19;Rpl22;Rpl21;Rps10;Rps21;Rps27l;Rps25;Rpl37;Rpl35a;Rps29;Rps24;Fau;Rpl32;Rps4x;Rpl14;Rpl41;Rps28;Rpl26;Rpl5;Rpl15;Rpsa;Rps15a;Rpl23;Rps2;Rplp2;Rpl36;Rpl36al;Rpl11;Rps7;Rpl6;Rps15;Rpl13a;Rps3;Rpl12;Rpl28;Rpl8;Rps20;Rps9;Rps19;Rpl29;Rpl10a;Rps11;Rpl18a;Rpl23a;Rpl7a,Reactome_2022,Down
prerank,Selenocysteine Synthesis R-HSA-2408557,-0.9007686458522891,-1.5525320817290755,0.0,0.00017295940904843657,0.002,62/82,6.48%,Rps27;Rpl22l1;Rpl38;Rpl27a;Rps6;Rpl37a;Rps23;Rpl3;Rpl9;Rplp1;Rps27a;Rpl39;Rps8;Rpl4;Rps16;Rpl30;Rpl35;Rpl19;Rpl22;Rpl21;Rps10;Rps21;Rps27l;Rps25;Rpl37;Rpl35a;Rps29;Rps24;Fau;Rpl32;Rps4x;Rpl14;Rpl41;Rps28;Rpl26;Rpl5;Rpl15;Rpsa;Rps15a;Rpl23;Rps2;Rplp2;Rpl36;Rpl36al;Rpl11;Rps7;Rpl6;Rps15;Rpl13a;Rps3;Rpl12;Rpl28;Rpl8;Rps20;Rps9;Rps19;Rpl29;Rpl10a;Rps11;Rpl18a;Rpl23a;Rpl7a,Reactome_2022,Down
prerank,Formation Of A Pool Of Free 40S Subunits R-HSA-72689,-0.8982149429070758,-1.5514915021284292,0.0,0.00015965483912163376,0.002,66/90,6.48%,Rps27;Rpl22l1;Rpl38;Rpl27a;Rps6;Rpl37a;Rps23;Rpl3;Rpl9;Rplp1;Rps27a;Rpl39;Rps8;Rpl4;Rps16;Rpl30;Rpl35;Rpl19;Rpl22;Rpl21;Rps10;Rps21;Rps27l;Rps25;Rpl37;Rpl35a;Rps29;Rps24;Fau;Rpl32;Rps4x;Rpl14;Rpl41;Rps28;Rpl26;Rpl5;Eif3c;Rpl15;Rpsa;Rps15a;Rpl23;Rps2;Rplp2;Rpl36;Rpl36al;Eif3a;Rpl11;Rps7;Rpl6;Rps15;Rpl13a;Rps3;Eif1ax;Rpl12;Rpl28;Rpl8;Rps20;Rps9;Rps19;Rpl29;Eif3f;Rpl10a;Rps11;Rpl18a;Rpl23a;Rpl7a,Reactome_2022,Down
prerank,Cap-dependent Translation Initiation R-HSA-72737,-0.8926435245768918,-1.5497568752518414,0.0,0.00014825092204151706,0.002,70/106,6.48%,Rps27;Rpl22l1;Rpl38;Rpl27a;Rps6;Rpl37a;Rps23;Rpl3;Rpl9;Rplp1;Rps27a;Rpl39;Rps8;Rpl4;Rps16;Rpl30;Eif4a2;Rpl35;Rpl19;Rpl22;Rpl21;Rps10;Rps21;Rps27l;Rps25;Rpl37;Rpl35a;Rps29;Rps24;Fau;Rpl32;Rps4x;Rpl14;Rpl41;Rps28;Rpl26;Pabpc1;Rpl5;Eif3c;Rpl15;Rpsa;Rps15a;Rpl23;Rps2;Rplp2;Rpl36;Rpl36al;Eif3a;Rpl11;Eif5;Rps7;Rpl6;Rps15;Rpl13a;Rps3;Eif1ax;Rpl12;Rpl28;Rpl8;Rps20;Rps9;Rps19;Rpl29;Eif3f;Rpl10a;Rps11;Eif5b;Rpl18a;Rpl23a;Rpl7a,Reactome_2022,Down
prerank,L13a-mediated Translational Silencing Of Ceruloplasmin Expression R-HSA-156827,-0.8924459917380446,-1.5477679816712646,0.0,0.00013836752723874924,0.002,68/99,6.48%,Rps27;Rpl22l1;Rpl38;Rpl27a;Rps6;Rpl37a;Rps23;Rpl3;Rpl9;Rplp1;Rps27a;Rpl39;Rps8;Rpl4;Rps16;Rpl30;Eif4a2;Rpl35;Rpl19;Rpl22;Rpl21;Rps10;Rps21;Rps27l;Rps25;Rpl37;Rpl35a;Rps29;Rps24;Fau;Rpl32;Rps4x;Rpl14;Rpl41;Rps28;Rpl26;Pabpc1;Rpl5;Eif3c;Rpl15;Rpsa;Rps15a;Rpl23;Rps2;Rplp2;Rpl36;Rpl36al;Eif3a;Rpl11;Rps7;Rpl6;Rps15;Rpl13a;Rps3;Eif1ax;Rpl12;Rpl28;Rpl8;Rps20;Rps9;Rps19;Rpl29;Eif3f;Rpl10a;Rps11;Rpl18a;Rpl23a;Rpl7a,Reactome_2022,Down
prerank,GTP Hydrolysis And Joining Of 60S Ribosomal Subunit R-HSA-72706,-0.8925569347209688,-1.5471669474012069,0.0,0.00012971955678632742,0.002,69/100,6.48%,Rps27;Rpl22l1;Rpl38;Rpl27a;Rps6;Rpl37a;Rps23;Rpl3;Rpl9;Rplp1;Rps27a;Rpl39;Rps8;Rpl4;Rps16;Rpl30;Eif4a2;Rpl35;Rpl19;Rpl22;Rpl21;Rps10;Rps21;Rps27l;Rps25;Rpl37;Rpl35a;Rps29;Rps24;Fau;Rpl32;Rps4x;Rpl14;Rpl41;Rps28;Rpl26;Rpl5;Eif3c;Rpl15;Rpsa;Rps15a;Rpl23;Rps2;Rplp2;Rpl36;Rpl36al;Eif3a;Rpl11;Eif5;Rps7;Rpl6;Rps15;Rpl13a;Rps3;Eif1ax;Rpl12;Rpl28;Rpl8;Rps20;Rps9;Rps19;Rpl29;Eif3f;Rpl10a;Rps11;Eif5b;Rpl18a;Rpl23a;Rpl7a,Reactome_2022,Down
prerank,SRP-dependent Cotranslational Protein Targeting To Membrane R-HSA-1799339,-0.8915280466949793,-1.5456613367575391,0.0,0.0002441779892448516,0.004,70/99,7.96%,Rps27;Rpl22l1;Rpl38;Rpl27a;Rps6;Rpl37a;Rps23;Rpl3;Rpl9;Rplp1;Rps27a;Rpl39;Rps8;Rpl4;Rps16;Rpl30;Rpl35;Rpl19;Rpl22;Rpl21;Rps10;Rps21;Rps27l;Rps25;Rpl37;Rpl35a;Rps29;Rps24;Fau;Rpl32;Rps4x;Rpl14;Rpl41;Rps28;Rpl26;Rpl5;Rpl15;Rpsa;Rps15a;Rpl23;Rps2;Rplp2;Rpl36;Rpl36al;Rpl11;Rps7;Rpl6;Rps15;Rpl13a;Rps3;Rpl12;Rpl28;Rpl8;Rps20;Rps9;Rps19;Srp14;Rpl29;Rpl10a;Rps11;Spcs3;Rpl18a;Rpl23a;Rpl7a;Ssr1;Srp19;Srp72;Ddost;Rps5;Rps12,Reactome_2022,Down
prerank,Major Pathway Of rRNA Processing In Nucleolus And Cytosol R-HSA-6791226,-0.8638824303930291,-1.5391410401971795,0.0,0.0003459188180968731,0.006,66/168,6.48%,Rps27;Rpl22l1;Rpl38;Rpl27a;Rps6;Rpl37a;Rps23;Rpl3;Rpl9;Rplp1;Rps27a;Rpl39;Rps8;Rpl4;Rps16;Rpl30;Rpl35;Rpl19;Rpl22;Rpl21;Rps10;Rps21;Rps27l;Rps25;Rpl37;Rpl35a;Rps29;Rps24;Fau;Rpl32;Rps4x;Rpl14;Rpl41;Rps28;Rpl26;Rpl5;Rpl15;Rpsa;Rps15a;Rpl23;Rps2;Rplp2;Wdr18;Rpl36;Rpl36al;Rpl11;Rps7;Rpl6;Rps15;Rpl13a;Rps3;Rpl12;Rpl28;Rpl8;Rps20;Rps9;Rps19;Ddx56;Snu13;Rpl29;Rpl10a;Utp3;Rps11;Rpl18a;Rpl23a;Rpl7a,Reactome_2022,Down
prerank,rRNA Processing In Nucleus And Cytosol R-HSA-8868773,-0.8616542134875691,-1.5382182708076304,0.0,0.00038233132526496505,0.007,69/178,6.65%,Rps27;Rpl22l1;Rpl38;Rpl27a;Rps6;Rpl37a;Rps23;Rpl3;Rpl9;Rplp1;Rps27a;Rpl39;Rps8;Rpl4;Rps16;Rpl30;Rpl35;Rpl19;Rpl22;Rpl21;Rps10;Rps21;Rps27l;Rps25;Rpl37;Rpl35a;Rps29;Rps24;Fau;Rpl32;Rps4x;Rpl14;Rpl41;Rps28;Rpl26;Rpl5;Rpl15;Rpsa;Rps15a;Rpl23;Rps2;Rplp2;Wdr18;Rpl36;Rpl36al;Nop10;Rpl11;Rps7;Rpl6;Rps15;Rpl13a;Rps3;Rpl12;Rpl28;Rpl8;Rps20;Rps9;Rps19;Ddx56;Snu13;Rpl29;Rpl10a;Utp3;Rps11;Trmt112;Rpl18a;Rpl23a;Rpl7a;Thumpd1,Reactome_2022,Down
prerank,rRNA Processing R-HSA-72312,-0.8591463220177878,-1.5370278323665214,0.0,0.0003632147590017168,0.007,69/186,6.65%,Rps27;Rpl22l1;Rpl38;Rpl27a;Rps6;Rpl37a;Rps23;Rpl3;Rpl9;Rplp1;Rps27a;Rpl39;Rps8;Rpl4;Rps16;Rpl30;Rpl35;Rpl19;Rpl22;Rpl21;Rps10;Rps21;Rps27l;Rps25;Rpl37;Rpl35a;Rps29;Rps24;Fau;Rpl32;Rps4x;Rpl14;Rpl41;Rps28;Rpl26;Rpl5;Rpl15;Rpsa;Rps15a;Rpl23;Rps2;Rplp2;Wdr18;Rpl36;Rpl36al;Nop10;Rpl11;Rps7;Rpl6;Rps15;Rpl13a;Rps3;Rpl12;Rpl28;Rpl8;Rps20;Rps9;Rps19;Ddx56;Snu13;Rpl29;Rpl10a;Utp3;Rps11;Trmt112;Rpl18a;Rpl23a;Rpl7a;Thumpd1,Reactome_2022,Down
prerank,Metabolism Of Cofactors R-HSA-8978934,-0.9677843336426756,-1.5201952458142252,0.0,0.0015813431684428487,0.029,2/16,0.17%,Hsp90aa1;Calm1,Reactome_2022,Down
prerank,Metabolism Of Amino Acids And Derivatives R-HSA-71291,-0.8349422402228706,-1.4976786614425912,0.0,0.006085026481976813,0.102,87/247,8.84%,Rps27;Rpl22l1;Ckb;Rpl38;Rpl27a;Rps6;Rpl37a;Rps23;Rpl3;Rpl9;Rplp1;Rps27a;Rpl39;Rps8;Rpl4;Rps16;Rpl30;Rpl35;Rpl19;Rpl22;Rpl21;Serinc1;Rps10;Rps21;Rps27l;Rps25;Rpl37;Rpl35a;Rps29;Rps24;Fau;Rpl32;Rps4x;Gldc;Rpl14;Rpl41;Rps28;Rpl26;Rpl5;Rpl15;Rpsa;Rps15a;Rpl23;Rps2;Rplp2;Oaz1;Rpl36;Rpl36al;Psma7;Hibadh;Rpl11;Rps7;Rpl6;Rps15;Rpl13a;Rps3;Glul;Rpl12;Rpl28;Rpl8;Rps20;Rps9;Rps19;Sem1;Psmb4;Rpl29;Rpl10a;Rps11;Psme2;Rpl18a;Rpl23a;Rpl7a;Psme4;Sephs2;Aldh6a1;Nat8l;Rps5;Rps12;Asrgl1;Serinc5;Glud1;Psmd12;Cdo1;Sepsecs;Rpl27;Rps17;Psmc6,Reactome_2022,Down
prerank,PIWI-interacting RNA (piRNA) Biogenesis R-HSA-5601884,-0.9377531148300627,-1.488501287055485,0.0022624434389140274,0.00997148593035769,0.158,2/15,2.72%,Hsp90aa1;Polr2l,Reactome_2022,Down
prerank,Translation R-HSA-72766,-0.8264656803060327,-1.479389050942028,0.0,0.014312391098758126,0.221,91/251,7.96%,Rps27;Rpl22l1;Rpl38;Rpl27a;Eef1a1;Rps6;Rpl37a;Rps23;Rpl3;Rpl9;Rplp1;Rps27a;Rpl39;Rps8;Rpl4;Rps16;Rpl30;Eif4a2;Rpl35;Rpl19;Rpl22;Rpl21;Rps10;Rps21;Rps27l;Rps25;Rpl37;Rpl35a;Rps29;Rps24;Fau;Rpl32;Rps4x;Rpl14;Rpl41;Rps28;Rpl26;Pabpc1;Rpl5;Eif3c;Rpl15;Rpsa;Mrpl52;Rps15a;Rpl23;Rps2;Rplp2;Mrpl36;Rpl36;Aurkaip1;Mrpl11;Rpl36al;Eif3a;Rpl11;Eif5;Mrps34;Rps7;Rpl6;Rps15;Rpl13a;Mrps2;Rps3;Eif1ax;Rpl12;Mrpl20;Rpl28;Rpl8;Rps20;Lars2;Rps9;Rps19;Srp14;Mrpl12;Rpl29;Eif3f;Rpl10a;Rps11;Spcs3;Trmt112;Eif5b;Rpl18a;Rpl23a;Rpl7a;Mrpl47;Mrpl49;Ssr1;Srp19;Srp72;Ddost;Rps5;Rps12,Reactome_2022,Down
prerank,SARS-CoV-2 Modulates Host Translation Machinery R-HSA-9754678,-0.8889360933843777,-1.4737683643608877,0.0,0.018223003337343276,0.267,29/42,7.96%,Rps27;Rps6;Rps23;Rps27a;Rps8;Rps16;Rps10;Rps21;Rps27l;Rps25;Rps29;Rps24;Fau;Rps4x;Rps28;Rpsa;Rps15a;Rps2;Rps7;Rps15;Rps3;Rps20;Rps9;Rps19;Rps11;Snrpd2;Smn1;Rps5;Rps12,Reactome_2022,Down
prerank,SARS-CoV-2-host Interactions R-HSA-9705683,-0.832647425927015,-1.4691179614565415,0.0,0.020595474246690754,0.297,44/141,8.28%,Hsp90aa1;Rps27;Gja1;Rps6;Rps23;Ywhah;Ywhab;Rps27a;Rps8;Rps16;Rps10;Rps21;Rps27l;Rps25;Rps29;Rps24;Fau;Rps4x;Irak1;Rps28;Hsp90ab1;Rpsa;Rps15a;Rps2;Ywhaz;Rps7;Rps15;Rps3;Rps20;Rps9;Rps19;Ube2n;Rps11;Tpr;Ube2v1;Ywhae;Snrpd2;Cnbp;G3bp2;Smn1;Rps5;Rps12;Ywhag;Sec13,Reactome_2022,Down
prerank,Regulation Of Expression Of SLITs And ROBOs R-HSA-9010553,-0.8345551398668835,-1.4665832819554867,0.0,0.022676900297461684,0.332,73/150,6.85%,Rps27;Rpl22l1;Rpl38;Rpl27a;Rps6;Rpl37a;Rps23;Ubb;Rpl3;Rpl9;Rplp1;Rps27a;Rpl39;Rps8;Rpl4;Rps16;Rpl30;Rpl35;Rpl19;Rpl22;Rpl21;Rps10;Rps21;Rps27l;Rps25;Rpl37;Rpl35a;Rps29;Rps24;Fau;Rpl32;Rps4x;Robo3;Rpl14;Rbm8a;Rpl41;Rps28;Rpl26;Pabpc1;Rpl5;Rpl15;Rpsa;Col4a5;Rps15a;Rpl23;Rps2;Rplp2;Rpl36;Rpl36al;Psma7;Rpl11;Rps7;Rpl6;Rps15;Rpl13a;Rps3;Rpl12;Rpl28;Rpl8;Rps20;Rps9;Rps19;Sem1;Psmb4;Rpl29;Rpl10a;Rps11;Psme2;Rpl18a;Rpl23a;Rpl7a;Upf2;Psme4,Reactome_2022,Down
prerank,Protein Methylation R-HSA-8876725,-0.9234534643354336,-1.4651694183815995,0.0,0.0232383320300078,0.346,4/17,2.80%,Calm1;Eef1a1;Hspa8;Rps2,Reactome_2022,Down
prerank,Translation Initiation Complex Formation R-HSA-72649,-0.8713756054416324,-1.4565965215153336,0.0010706638115631692,0.030510039756144205,0.436,31/52,5.55%,Rps27;Rps6;Rps23;Rps27a;Rps8;Rps16;Eif4a2;Rps10;Rps21;Rps27l;Rps25;Rps29;Rps24;Fau;Rps4x;Rps28;Pabpc1;Eif3c;Rpsa;Rps15a;Rps2;Eif3a;Rps7;Rps15;Rps3;Eif1ax;Rps20;Rps9;Rps19;Eif3f;Rps11,Reactome_2022,Down
prerank,"mRNA Activation Upon Binding Of Cap-Binding Complex And eIFs, Subsequent Binding To 43S R-HSA-72662",-0.8713756054416324,-1.4565965215153336,0.0010706638115631692,0.030510039756144205,0.436,31/52,5.55%,Rps27;Rps6;Rps23;Rps27a;Rps8;Rps16;Eif4a2;Rps10;Rps21;Rps27l;Rps25;Rps29;Rps24;Fau;Rps4x;Rps28;Pabpc1;Eif3c;Rpsa;Rps15a;Rps2;Eif3a;Rps7;Rps15;Rps3;Eif1ax;Rps20;Rps9;Rps19;Eif3f;Rps11,Reactome_2022,Down
prerank,"Formation Of Ternary Complex, And Subsequently, 43S Complex R-HSA-72695",-0.8787305489432582,-1.4552602580050416,0.0,0.031333549716645794,0.452,29/45,5.55%,Rps27;Rps6;Rps23;Rps27a;Rps8;Rps16;Rps10;Rps21;Rps27l;Rps25;Rps29;Rps24;Fau;Rps4x;Rps28;Eif3c;Rpsa;Rps15a;Rps2;Eif3a;Rps7;Rps15;Rps3;Eif1ax;Rps20;Rps9;Rps19;Eif3f;Rps11,Reactome_2022,Down
prerank,Ribosomal Scanning And Start Codon Recognition R-HSA-72702,-0.8707477232788136,-1.4549117031302603,0.0,0.030808394736752762,0.459,31/52,5.55%,Rps27;Rps6;Rps23;Rps27a;Rps8;Rps16;Eif4a2;Rps10;Rps21;Rps27l;Rps25;Rps29;Rps24;Fau;Rps4x;Rps28;Eif3c;Rpsa;Rps15a;Rps2;Eif3a;Eif5;Rps7;Rps15;Rps3;Eif1ax;Rps20;Rps9;Rps19;Eif3f;Rps11,Reactome_2022,Down
prerank,Basigin Interactions R-HSA-210991,-0.9047971653323041,-1.4383289613407573,0.0043907793633369925,0.05251676602016164,0.65,5/19,4.07%,Atp1b1;Ppia;Slc7a11;Atp1b2;Bsg,Reactome_2022,Down
prerank,Signaling By EGFR In Cancer R-HSA-1643713,-0.9051570393541459,-1.436475711704456,0.002232142857142857,0.05408542461773462,0.666,3/19,0.68%,Hsp90aa1;Ubb;Rps27a,Reactome_2022,Down
prerank,Binding And Uptake Of Ligands By Scavenger Receptors R-HSA-2173782,-0.9127349180606749,-1.4320300604288474,0.00778642936596218,0.06066427729938877,0.71,5/16,5.48%,Hsp90aa1;Fth1;Apoe;Hsph1;Hsp90b1,Reactome_2022,Down
prerank,Constitutive Signaling By Ligand-Responsive EGFR Cancer Variants R-HSA-1236382,-0.905565308154943,-1.4225142187070274,0.0033975084937712344,0.07849474513981546,0.811,3/17,0.68%,Hsp90aa1;Ubb;Rps27a,Reactome_2022,Down
prerank,Selective Autophagy R-HSA-9663891,-0.8436537880536346,-1.4216123905662854,0.0010683760683760685,0.07825244614786021,0.818,15/55,7.04%,Hsp90aa1;Ubb;Rps27a;Tomm22;Tomm6;Tomm7;Hspa8;Pink1;Tomm20;Ube2n;Dynll1;Mterf3;Ube2v1;Dynll2;Sqstm1,Reactome_2022,Down
prerank,Attenuation Phase R-HSA-3371568,-0.8933454680105835,-1.4192312922852541,0.013318534961154272,0.08149119104218969,0.835,6/17,4.90%,Hsp90aa1;Ubb;Hsbp1;Hsp90ab1;Hspa8;Hsph1,Reactome_2022,Down
prerank,FCERI Mediated Ca+2 Mobilization R-HSA-2871809,-0.8806418687711222,-1.4149271029433799,0.0032822757111597373,0.08852860829294591,0.867,3/20,0.63%,Calm1;Ppp3r1;Ppp3ca,Reactome_2022,Down
prerank,HSF1 Activation R-HSA-3371511,-0.8798315530023341,-1.4116532499414347,0.020697167755991286,0.09399479084737283,0.883,7/20,6.66%,Hsp90aa1;Eef1a1;Ubb;Hsbp1;Hsp90ab1;Hsph1;Ywhae,Reactome_2022,Down
prerank,DARPP-32 Events R-HSA-180024,-0.8842800918260018,-1.4086591784073512,0.002205071664829107,0.09962461961189945,0.902,4/21,0.89%,Calm1;Ppp3r1;Ppp3ca;Prkar1a,Reactome_2022,Down
prerank,Long-term Potentiation R-HSA-9620244,-0.8753495677855262,-1.4051747002611494,0.006430868167202572,0.10654299597383693,0.928,5/22,2.21%,Nrgn;Calm1;Nefl;Gria2;Camk2b,Reactome_2022,Down
prerank,Signaling By ROBO Receptors R-HSA-376176,-0.7919837333636119,-1.4016596394747747,0.0,0.11386360351960795,0.94,75/187,6.85%,Rps27;Rpl22l1;Rpl38;Rpl27a;Rps6;Rpl37a;Rps23;Ubb;Rpl3;Rpl9;Rplp1;Rps27a;Rpl39;Rps8;Rpl4;Rps16;Rpl30;Rpl35;Rpl19;Rpl22;Pfn1;Rpl21;Rps10;Rps21;Rps27l;Rps25;Rpl37;Rpl35a;Rps29;Rps24;Fau;Rpl32;Rps4x;Robo3;Rpl14;Rbm8a;Rpl41;Rps28;Rpl26;Pabpc1;Rpl5;Rpl15;Rpsa;Col4a5;Rps15a;Rpl23;Rps2;Rplp2;Rpl36;Rpl36al;Psma7;Rpl11;Rps7;Rpl6;Rps15;Rpl13a;Rps3;Rpl12;Rpl28;Rpl8;Rps20;Rps9;Rps19;Sem1;Psmb4;Rpl29;Rpl10a;Rps11;Psme2;Rpl18a;Rpl23a;Rpl7a;Ppp3cb;Upf2;Psme4,Reactome_2022,Down
prerank,RIPK1-mediated Regulated Necrosis R-HSA-5213460,-0.8829365569492029,-1.401000474638507,0.010044642857142858,0.11379942936255086,0.946,4/22,2.48%,Hsp90aa1;Ubb;Rps27a;Sdcbp,Reactome_2022,Down
prerank,Regulation Of Necroptotic Cell Death R-HSA-5675482,-0.8932077544389802,-1.399119236301583,0.006764374295377677,0.11735872435299914,0.951,4/20,2.48%,Hsp90aa1;Ubb;Rps27a;Sdcbp,Reactome_2022,Down
prerank,Aggrephagy R-HSA-9646399,-0.8762892600277483,-1.3981608633834661,0.011013215859030838,0.11760487817863041,0.951,7/22,6.58%,Hsp90aa1;Ubb;Rps27a;Ube2n;Dynll1;Ube2v1;Dynll2,Reactome_2022,Down
prerank,Negative Regulators Of DDX58/IFIH1 Signaling R-HSA-936440,-0.875499959967339,-1.3914535512734039,0.008859357696566999,0.13521745800161175,0.969,3/20,0.68%,Pdzd2;Ubb;Rps27a,Reactome_2022,Down
prerank,Glycogen Metabolism R-HSA-8982491,-0.8810963290294812,-1.3905499781549406,0.016666666666666666,0.1357731361030227,0.969,4/18,3.40%,Calm1;Ubb;Rps27a;Ugp2,Reactome_2022,Down
prerank,Condensation Of Prophase Chromosomes R-HSA-2299718,-0.8816760175219366,-1.3891949375289474,0.02631578947368421,0.1376403917639742,0.973,3/15,1.72%,Set;H2az1;Smc4,Reactome_2022,Down
prerank,Ion Transport By P-type ATPases R-HSA-936837,-0.835533044554134,-1.3886264889891071,0.010741138560687433,0.1369423417081901,0.975,9/35,8.24%,Calm1;Atp1a2;Atp1b1;Atp13a4;Camk2b;Atp1b2;Atp2b1;Pdzd11;Camk2a,Reactome_2022,Down
prerank,Assembly Of HIV Virion R-HSA-175474,-0.8871343451641065,-1.3828906850034648,0.009080590238365494,0.15405596304773095,0.987,3/17,0.68%,Ubb;Ppia;Rps27a,Reactome_2022,Down
prerank,DDX58/IFIH1-mediated Induction Of Interferon-Alpha/Beta R-HSA-168928,-0.8307079648192834,-1.380273775602379,0.002162162162162162,0.1609719915443872,0.989,5/40,2.03%,Pdzd2;Hsp90aa1;Ubb;Rps27a;Hsp90ab1,Reactome_2022,Down
prerank,Translocation Of SLC2A4 (GLUT4) To Plasma Membrane R-HSA-1445148,-0.8271057350141204,-1.380192932743758,0.008528784648187633,0.1581305872613404,0.989,12/46,10.64%,Calm1;Ywhah;Ywhab;Ywhaz;Vamp2;Rab14;Lnpep;Ywhae;Ywhag;Ralgapb;Ywhaq;Kifap3,Reactome_2022,Down
prerank,Autophagy R-HSA-9612973,-0.7828339539679154,-1.371804661914967,0.0,0.1862004126967002,0.996,28/116,12.64%,Hsp90aa1;Eef1a1;Ubb;Rps27a;Tomm22;Tomm6;Tomm7;Hsp90ab1;Hspa8;Gabarapl2;Pink1;Gabarap;Tomm20;Ube2n;Dynll1;Rraga;Mterf3;Ube2v1;Dynll2;Sqstm1;Gabarapl1;Vps37d;Lamtor3;Chmp2a;Rb1cc1;Ubc;Vdac1;Lamp2,Reactome_2022,Down
prerank,Signaling By ERBB2 R-HSA-1227986,-0.8216779720108516,-1.3701150674049114,0.007446808510638298,0.18909809427091975,0.996,4/41,0.68%,Hsp90aa1;Ubb;Rps27a;Erbb3,Reactome_2022,Down
prerank,Downregulation Of ERBB2 Signaling R-HSA-8863795,-0.8497766944034352,-1.3671432466856754,0.020562770562770564,0.19739610269827995,0.996,4/25,0.68%,Hsp90aa1;Ubb;Rps27a;Erbb3,Reactome_2022,Down
prerank,Ion Homeostasis R-HSA-5578775,-0.8260930661563626,-1.365989689795286,0.009635974304068522,0.19863022660194138,0.997,7/36,4.51%,Calm1;Atp1a2;Atp1b1;Orai2;Camk2b;Atp1b2;Atp2b1,Reactome_2022,Down
prerank,Diseases Of Carbohydrate Metabolism R-HSA-5663084,-0.8447979861367234,-1.3654933733976775,0.017758046614872364,0.19747789631044077,0.997,4/22,2.47%,Ubb;Rps27a;Lct;Ids,Reactome_2022,Down
prerank,SARS-CoV-2 Infection R-HSA-9694516,-0.7681433938808394,-1.3644047031258073,0.0,0.19836978460151872,0.997,52/213,8.28%,Hsp90aa1;Rps27;Gja1;Rps6;Rps23;Ywhah;Ubb;Ywhab;Ddx5;Rps27a;Rps8;Rps16;Rps10;Rps21;Rps27l;Rps25;Rps29;Rps24;Fau;Rps4x;Irak1;Rps28;Hsp90ab1;Rpsa;Rps15a;Rps2;Ywhaz;Rps7;Rps15;Rps3;Rps20;Rps9;Rps19;Iscu;Ube2n;Rps11;Tpr;Ctsl;Golga7;Ube2v1;St6gal1;Ywhae;Snrpd2;Cnbp;G3bp2;Ddost;Smn1;Rps5;Zdhhc3;Rps12;Ywhag;Sec13,Reactome_2022,Down
prerank,"Respiratory Electron Transport, ATP Synthesis By Chemiosmotic Coupling, Heat Production By Uncoupling Proteins R-HSA-163200",-0.7810585096870333,-1.3612453079804152,0.004136504653567736,0.20805287314436433,0.999,35/93,11.47%,Uqcrb;Cox7c;Ndufa1;Cox6c;Cox8a;Ndufa2;Ndufaf3;Cox5a;Ndufb8;Uqcr11;Cycs;Cox6a1;Cox5b;Ndufa13;Cox7a2l;Atp5pb;Ndufb9;Ndufs5;Ndufa5;Ndufb10;Uqcrh;Sdhd;Ndufc1;Uqcrq;Uqcrfs1;Ndufb1;Ndufa3;Ndufab1;Ndufb3;Uqcrc2;Ndufb6;Ndufa7;Ndufs7;Sdha;Cox7b,Reactome_2022,Down
prerank,Antiviral Mechanism By IFN-stimulated Genes R-HSA-1169410,-0.8002074710814903,-1.3611594053663607,0.005324813631522897,0.20506748032818237,0.999,11/60,11.69%,Pdzd2;Ubb;Rps27a;Eif4a2;Ube2n;Tpr;Eif4g2;Sec13;Mapk3;Nup88;Ubc,Reactome_2022,Down
prerank,HSF1-dependent Transactivation R-HSA-3371571,-0.8416803649718332,-1.3604167613605755,0.0196078431372549,0.2050071137443791,0.999,7/26,4.90%,Hsp90aa1;Ubb;Hsbp1;Hsp90ab1;Camk2b;Hspa8;Hsph1,Reactome_2022,Down
prerank,SARS-CoV Infections R-HSA-9679506,-0.7616180598230744,-1.360009151302796,0.0,0.20368029456037315,0.999,62/278,8.28%,Hsp90aa1;Rps27;Gja1;S1pr1;Atp1a2;Atp1b1;Rps6;Rps23;Ywhah;Ubb;Ywhab;Ddx5;Rps27a;Rps8;Rps16;Rps10;Rps21;Rps27l;Rps25;Rps29;Rps24;Fau;Rps4x;Irak1;Rps28;Hsp90ab1;Rpsa;Rps15a;Il1r1;Atp1b2;Rps2;Ywhaz;Ap2m1;Rps7;Rps15;Rps3;Rps20;Rps9;Rps19;Iscu;Ube2n;Sap18;Rps11;Tpr;Ctsl;Golga7;Ube2v1;Ap2s1;St6gal1;Ywhae;Snrpd2;Cnbp;G3bp2;Ddost;Sh3kbp1;Smn1;Rps5;Zdhhc3;Rps12;Nfe2l2;Ywhag;Sec13,Reactome_2022,Down
prerank,ISG15 Antiviral Mechanism R-HSA-1169408,-0.8019616804600394,-1.3585096722743604,0.007446808510638298,0.20628652517945717,0.999,11/57,11.69%,Pdzd2;Ubb;Rps27a;Eif4a2;Ube2n;Tpr;Eif4g2;Sec13;Mapk3;Nup88;Ubc,Reactome_2022,Down
prerank,Respiratory Electron Transport R-HSA-611105,-0.7796648954384529,-1.3583793155468653,0.005175983436853002,0.20341623052487354,0.999,34/89,11.47%,Uqcrb;Cox7c;Ndufa1;Cox6c;Cox8a;Ndufa2;Ndufaf3;Cox5a;Ndufb8;Uqcr11;Cycs;Cox6a1;Cox5b;Ndufa13;Cox7a2l;Ndufb9;Ndufs5;Ndufa5;Ndufb10;Uqcrh;Sdhd;Ndufc1;Uqcrq;Uqcrfs1;Ndufb1;Ndufa3;Ndufab1;Ndufb3;Uqcrc2;Ndufb6;Ndufa7;Ndufs7;Sdha;Cox7b,Reactome_2022,Down
prerank,Signaling By ERBB2 TMD/JMD Mutants R-HSA-9665686,-0.8508403170161805,-1.35809829686275,0.038461538461538464,0.20145054079350627,0.999,2/17,0.68%,Hsp90aa1;Erbb3,Reactome_2022,Down
prerank,Metalloprotease DUBs R-HSA-5689901,-0.8606407247363326,-1.357064855040757,0.03325942350332594,0.2023315307820651,0.999,2/18,0.68%,Ubb;Rps27a,Reactome_2022,Down
prerank,RHO GTPase Effectors R-HSA-195258,-0.7579945146950272,-1.3545852594401393,0.0010193679918450561,0.20982519838296654,0.999,35/176,10.16%,Pdzd2;Rps27;Calm1;Ywhah;Ywhab;Actg1;Rhob;H2az1;Pfn1;Actr2;Myl6;Wipf3;Cdkn1b;Arpc5;Ktn1;Ywhaz;Iqgap2;Arpc2;Mapk1;Diaph2;Dynll1;Kif5b;Rhog;Dynll2;Ywhae;Actr3;Taok1;Fzr1;Ywhag;Sec13;Mapk3;Nudc;Nckap1;Pfn2;Ywhaq,Reactome_2022,Down
prerank,Uptake And Actions Of Bacterial Toxins R-HSA-5339562,-0.8401076204679134,-1.3539520954218285,0.019758507135016465,0.20899512592496297,0.999,4/26,3.25%,Hsp90aa1;Calm1;Hsp90ab1;Vamp2,Reactome_2022,Down
prerank,RHOBTB2 GTPase Cycle R-HSA-9013418,-0.8362868308792668,-1.3528938550812721,0.03384279475982533,0.21010120671723798,0.999,5/23,5.40%,Hsp90aa1;Actg1;Hsp90ab1;Cct6a;Phip,Reactome_2022,Down
prerank,Macroautophagy R-HSA-1632852,-0.772983338710014,-1.3480467870402335,0.0010298661174047373,0.22769253584421503,0.999,23/104,11.69%,Hsp90aa1;Ubb;Rps27a;Tomm22;Tomm6;Tomm7;Hspa8;Gabarapl2;Pink1;Gabarap;Tomm20;Ube2n;Dynll1;Rraga;Mterf3;Ube2v1;Dynll2;Sqstm1;Gabarapl1;Lamtor3;Chmp2a;Rb1cc1;Ubc,Reactome_2022,Down
prerank,Signaling By BRAF And RAF1 Fusions R-HSA-6802952,-0.8011398848501856,-1.3480119039511624,0.012806830309498399,0.22463103250165697,0.999,11/49,9.30%,Calm1;Ywhab;Vcl;Akap9;Camk2b;Pebp1;Mapk1;Ksr1;Camk2a;Qki;Mapk3,Reactome_2022,Down
prerank,VEGFR2 Mediated Vascular Permeability R-HSA-5218920,-0.8591837303465366,-1.3459448807552412,0.02685284640171858,0.23060938632195102,0.999,2/20,0.17%,Hsp90aa1;Calm1,Reactome_2022,Down
prerank,ER Quality Control Compartment (ERQC) R-HSA-901032,-0.8334755776661399,-1.3445356358133278,0.04088397790055249,0.23335496485670143,0.999,2/21,0.68%,Ubb;Rps27a,Reactome_2022,Down
prerank,Iron Uptake And Transport R-HSA-917937,-0.8034447239705289,-1.3432668397970458,0.022388059701492536,0.23605500146930622,0.999,12/44,7.00%,Fth1;Ubb;Rps27a;Atp6v1d;Atp6v1g2;Skp1;Atp6v1g1;Atp6v1a;Atp6ap1;Atp6v0c;Atp6v1f;Atp6v1e1,Reactome_2022,Down
prerank,Activation Of BH3-only Proteins R-HSA-114452,-0.839871478028551,-1.3427215193868254,0.03369565217391304,0.2350245275164492,0.999,9/23,10.16%,Ppp3r1;Ywhah;Ywhab;Ywhaz;Dynll1;Dynll2;Ywhae;Ywhag;Ywhaq,Reactome_2022,Down
prerank,Nuclear Events Stimulated By ALK Signaling In Cancer R-HSA-9725371,-0.8450372711040745,-1.3423219820855208,0.0420353982300885,0.23360302106778316,0.999,8/16,11.42%,Rps6;Cebpb;Skp1;Npm1;Mapk1;Kif5b;Mapk3;Stat3,Reactome_2022,Down
prerank,Signaling By ALK Fusions And Activated Point Mutants R-HSA-9725370,-0.797175045244475,-1.3421313452175756,0.007423117709437964,0.2313664710271009,0.999,18/49,13.22%,Rps6;Prkar1a;Vcl;Cebpb;Skp1;Npm1;Mapk1;Tpr;Kif5b;Rrbp1;Sqstm1;Pik3r1;Mapk3;Eef1g;Tpm4;Stat3;Birc6;Dctn1,Reactome_2022,Down
prerank,Paradoxical Activation Of RAF Signaling By Kinase Inactive BRAF R-HSA-6802955,-0.8266026988172193,-1.340464350838197,0.019672131147540985,0.23491390724150815,0.999,9/30,9.30%,Calm1;Ywhab;Vcl;Camk2b;Pebp1;Mapk1;Ksr1;Camk2a;Mapk3,Reactome_2022,Down
prerank,HSP90 Chaperone Cycle For Steroid Hormone Receptors (SHR) In Presence Of Ligand R-HSA-3371497,-0.8099561549952226,-1.337643541250853,0.029347826086956522,0.2440932900048323,0.999,7/33,6.58%,Hsp90aa1;Capza2;Hsp90ab1;Hspa8;Dnaja1;Dynll1;Dynll2,Reactome_2022,Down
prerank,Activation Of BAD And Translocation To Mitochondria R-HSA-111447,-0.8644902602010627,-1.3371807179885142,0.034444444444444444,0.24298875200093686,0.999,7/15,10.16%,Ppp3r1;Ywhah;Ywhab;Ywhaz;Ywhae;Ywhag;Ywhaq,Reactome_2022,Down
prerank,Mitophagy R-HSA-5205647,-0.8266097559397659,-1.3369119355210035,0.024149286498353458,0.2411771310904431,0.999,9/27,7.04%,Ubb;Rps27a;Tomm22;Tomm6;Tomm7;Pink1;Tomm20;Mterf3;Sqstm1,Reactome_2022,Down
prerank,Interactions Of Vpr With Host Cellular Proteins R-HSA-176033,-0.8064895339469536,-1.3322183422626577,0.03007518796992481,0.24958042725689394,1.0,7/32,11.33%,Slc25a4;Psip1;Slc25a5;Banf1;Tpr;Sec13;Nup88,Reactome_2022,Down
prerank,Keratan Sulfate Biosynthesis R-HSA-2022854,-0.8394484658306263,-1.3315849614044701,0.04842342342342342,0.24949096549359304,1.0,4/17,7.84%,B4gat1;B4galt6;Chst1;Chst2,Reactome_2022,Down
prerank,PINK1-PRKN Mediated Mitophagy R-HSA-5205685,-0.8392404410212234,-1.3310223792826383,0.0374037403740374,0.24897900022088462,1.0,9/21,7.04%,Ubb;Rps27a;Tomm22;Tomm6;Tomm7;Pink1;Tomm20;Mterf3;Sqstm1,Reactome_2022,Down
prerank,Signaling By RAF1 Mutants R-HSA-9656223,-0.8210230609030362,-1.3302393955826757,0.02505446623093682,0.249189811063425,1.0,8/29,9.30%,Calm1;Ywhab;Vcl;Camk2b;Mapk1;Ksr1;Camk2a;Mapk3,Reactome_2022,Down
prerank,Extra-nuclear Estrogen Signaling R-HSA-9009391,-0.7938500642537408,-1.3295133884426544,0.009533898305084746,0.2491422634206379,1.0,11/49,11.68%,Hsp90aa1;Calm1;Gnb2;Cdkn1b;Mapk1;Foxo3;Pik3r1;Mapk3;Uhmk1;Gng2;Prmt1,Reactome_2022,Down
prerank,KRAS Signaling Dn,0.620298440346091,1.4171773275383475,0.045454545454545456,0.15746971736204576,0.106,3/76,0.45%,Tenm2;Dcc;Arpp21,MSigDB_Hallmark_2020,Up
prerank,TNF-alpha Signaling via NF-kB,-0.8040014721163807,-1.3959416216347456,0.0,0.09445060810952251,0.084,28/108,10.86%,Eif1;Klf9;Marcks;Rhob;Plpp3;Cebpb;Hes1;F3;Tubb2a;Ier5;Ets2;Egr3;Junb;Abca1;Jun;Atp2b1;Cebpd;Kdm6b;Sat1;Id2;Bhlhe40;Sqstm1;Nfe2l2;Klf6;Ptgs2;Plk2;Tnc;Nfat5,MSigDB_Hallmark_2020,Down
prerank,Myc Targets V1,-0.764667022698417,-1.3626237091000684,0.0,0.10182956186807897,0.174,67/182,14.73%,Hnrnpa3;Rps6;Set;Ppia;H2az1;Srsf1;Hspe1;Hnrnpa2b1;Pcbp1;Ran;Rpl22;Rps10;Rpl14;Hsp90ab1;Ssb;Cox5a;Pabpc1;Hdgf;Rps2;Psma7;Pcna;Rpl6;Dek;Rps3;Npm1;Eif1ax;Hnrnpd;Hnrnpu;Slc25a3;Eif4g2;Ywhae;Snrpd2;Cnbp;Ldha;Glo1;Tyms;Srsf2;Rack1;Rps5;Serbp1;Psmc6;Nap1l1;Pole3;Nop56;Cbx3;Tcp1;Tra2b;Phb2;Hspd1;Hdac2;Ywhaq;Ndufab1;Hnrnpa1;Eif3d;Usp1;Acp1;Eif4h;Srsf3;Psma4;Vdac1;Nme1;Syncrip;Vbp1;Rpl34;Srsf7;Hnrnpc;Ddx21,MSigDB_Hallmark_2020,Down
prerank,Oxidative Phosphorylation,-0.7645297789289919,-1.354623120630501,0.0010152284263959391,0.08166042159469133,0.21,71/173,14.20%,Atp1b1;Uqcrb;Slc25a4;Cox7c;Tomm22;Ndufa1;Cox6c;Ndufa4;Cox8a;Ndufa2;Slc25a11;Atp6v1d;Slc25a5;Cox5a;Hspa9;Ndufb8;Uqcr11;Gpx4;Mrpl11;Cycs;Cox6a1;Cox5b;Ldhb;Atp6v1g1;Cox7a2l;Idh2;Iscu;Atp5pb;Atp6ap1;Timm10;Atp6v0c;Ndufa5;Slc25a3;Atp6v1f;Uqcrh;Opa1;Atp6v1e1;Aldh6a1;Hccs;Ldha;Cox7a2;Glud1;Cox17;Dld;Mdh1;Sdhd;Ndufc1;Uqcrq;Uqcrfs1;Mrpl35;Ndufb1;Phb2;Idh3a;Ndufa3;Ndufab1;Ndufb3;Uqcrc2;Ndufb6;Ndufa7;Mtx2;Ndufs7;Sdha;Cox7b;Vdac1;Timm8b;Htra2;Atp6v1h;Mdh2;Ndufv1;Idh3b;Eci1,MSigDB_Hallmark_2020,Down
prerank,Fatty Acid Metabolism,-0.7401600939063121,-1.2925409196127848,0.0041025641025641026,0.2395700320277993,0.6,31/112,14.35%,Hsp90aa1;Ywhah;H2az1;Serinc1;Aldh1a1;Aldoa;Hmgcs1;Acadl;Glul;Hsph1;Mgll;Bmpr1b;Hccs;Ldha;Eno2;Dld;Mdh1;Sdhd;Psme1;Acss1;Gabarapl1;Cbr1;Sdha;Idi1;Ehhadh;Cidea;Mdh2;Acox1;Idh3b;Eci1;Hsd17b11,MSigDB_Hallmark_2020,Down
prerank,Notch Signaling,-0.800594722138357,-1.2883325391881124,0.06850828729281767,0.21074291934437211,0.633,5/23,7.16%,Hes1;Skp1;Aph1a;Maml2;Notch1,MSigDB_Hallmark_2020,Down
